id	text_a	text_b	label
d66e887a-11f8-45b3-8d29-3dcf9582993b	The surfer caught the wave.	The wave carried her to the shore.	0
64d860c9-5f00-4e52-81f3-aabbb2aabff1	The man uncovered incriminating evidence against his enemy.	The man avoided his enemy.	0
8ad82398-786c-468a-a201-803e05558cef	The egg splattered.	I dropped it.	0
c4f076bb-856c-442a-b493-c18d710d0602	The man turned on the faucet.	Water flowed from the spout.	0
c44e00f1-f5cc-4937-8276-0313b5dbe6aa	The cook stirred the ingredients in the bowl.	The ingredients blended together.	0
5a8fd84e-813b-48ed-a33a-c10b8859779a	The waistband on my pants was loose.	I put on a hat.	0
a83eca5b-670d-47bb-bb02-9709da9c8908	Air leaked out of the beach ball.	It was inflated.	0
9e6ccfe6-f2d9-4d86-a9d5-48f2303609ef	The toddler became cranky.	Her mother put her down for a nap.	0
207c1aab-4873-4d94-a76d-adc2b4f77576	The woman complimented the man.	He blushed.	0
8bd1d376-213b-4787-8cf8-7d18d2145458	The man contemplated the painting.	He felt in awe.	0
a5d6c9fa-fe24-495b-a641-8a83c61440dc	I learned how to play the board game.	My friend explained the rules to me.	0
acb144be-db09-40da-9427-0103f240d023	The girl refused to eat her vegetables.	Her father took away her dessert.	0
3ceb07d7-9a97-4d57-8037-2a8a39dc648c	The teenager grew taller than his father.	He joined the basketball team.	0
447017d3-5469-4137-b53e-2956c6cf2be8	Several witnesses of the crime testified against the suspect.	The suspect was acquitted.	0
5ee7d308-6710-4afa-a610-f0a10505fc66	The driver honked her horn.	She made a right turn at the light.	0
72ca4c4b-ceba-425f-ae01-b14fe49096fc	The engine of the airplane was faulty.	The airplane crashed.	0
997c99d8-9395-46f8-bb27-08e9e7789b6e	The print on the brochure was tiny.	The man put his glasses on.	0
96e7e26b-b2d4-4d21-83c9-e8d79c834825	The host of the trivia show called on the contestant for an answer.	The contestant rang the buzzer.	0
fd6a224a-a3f6-4c82-bd30-f4e8cceac703	The key was missing from my pants pocket.	The pants were new.	0
abfca03a-f075-4ee1-8804-d568099ce639	The flame on the candle went out.	I blew on the wick.	0
ca131d7a-f8e7-431d-a4b4-c01c8c5cdf45	The DJ turned the music on.	People began to dance.	0
2d66526e-9386-44e0-8149-cc0c97a0f3be	The sick child coughed on his friend.	His friend sneezed.	0
c02811bf-74d4-4590-9ffa-a34d167d47a1	The girl applied the scissors to the paper.	The paper crinkled.	0
64702d14-ff7e-4160-8ccb-cd46dd462576	The man wanted to save money.	He cut back on making frivolous purchases.	0
333e2e90-3552-4f05-9353-42abcce0fe97	The mother became eye level with her son.	She squatted down.	0
46c66c6d-ca85-4324-99a8-f999b621ea8a	The ocean tide was dangerous.	The swimmers returned towards the shore.	0
8ffc295f-c1ed-452b-bc75-8dbe769297af	The driver pulled over to the side of the road.	He went through an intersection.	0
33e55a5c-0148-4d90-a136-637c326f817d	The girl stared at herself in the mirror.	She felt self-conscious.	0
33228ceb-0e25-49c2-886e-595504d292b3	The turtle hid in its shell.	It detected a predator.	0
7ce7ffc6-7235-47c6-b15c-cad64cbd0852	The politician lost the election.	He ran negative campaign ads.	0
8aaefd0a-17f9-45d0-801c-6755d4306b79	I botched the job interview.	The interviewer asked difficult questions.	0
a516112a-e170-46d5-8710-3fc6a44f1acf	The employee missed work.	Her family got in touch with her.	0
bf5fde1a-6e8a-466c-ab88-e4263d3a9987	I tossed the ball upwards.	The ball rolled across the ground.	0
be3b6b6a-2a7e-400a-80c0-a56eca089aee	The customer filed a complaint with the store manager.	The sales associate acted rude to the customer.	0
8cb4e852-9d26-462f-871e-bde7ae92626b	The man received a parking ticket.	He parallel parked on the street.	0
a6363899-3271-4298-9df9-1ddb4a214fba	The man defied the authorities of the church.	He was excommunicated from the church.	0
5b81751d-59c3-41a9-bfaa-3eb9209eac2a	The horse bucked.	A fly bit the horse.	0
7ca1fbbe-1a0c-406a-9fde-f93b04f61c22	My mailbox was overflowing with letters.	The lid on the mailbox broke.	0
be2e443d-419f-4fca-a4c6-1c6a22e56d76	The woman lavished her friend with flattery.	She was irritated with her friend's whining.	0
60e85e7d-2c1a-4005-b128-34c2b4b2e319	The seamstress pushed the threaded needle into the fabric.	The thread wrapped around the needle.	0
3f4f5c58-da6b-497f-bee0-c7072e18bf46	The man slid the razor across his chin.	His stubble grew.	0
0f7a07bb-d5e6-45b0-a74f-7fe48224651a	The photo albums collected dust in the attic.	The family reminisced over the photos.	0
85d4a413-eb43-40fa-b795-a2ddcc14f623	The girl made a wish.	She saw a black cat.	0
3c02eaba-36b2-4094-ae6e-3fada1db53ca	The man won the lottery.	He owed money.	0
9b479c21-c6a5-45dc-9035-820cb6ae6c59	I put coins in the washing machine at the laundromat.	I ran out of laundry detergent.	0
04dbf06f-3a22-4f34-8aa3-743c08bf85c6	I pushed the gas pedal.	The car door opened.	0
98485ed3-b583-4964-a242-52e027a38ca6	The clock chimed.	The hour seemed to drag on.	0
613a12e0-dcd1-40c1-bfc6-c773eb05b4d9	The speaker disarmed her debate opponent.	The speaker won the debate.	0
d3a305dc-0fe4-467b-b3bb-b48f3878a153	A group of teenagers crashed the party.	The host of the party kicked them out.	0
d0c41810-7fc1-4f51-a956-e658b4367de1	The key was missing from my pants pocket.	The pocket had a hole.	0
8676a94a-5b34-4500-b9b0-e16abc9c9812	The administrator cleared her throat.	The meeting was postponed.	0
3c35201f-3ca1-4ac7-975f-37909cbb2c22	The girl shared her lunch with her friend.	Her friend forgot to bring his lunch.	0
e7928d30-dfff-4762-ac30-2ab71cf35bf1	The man felt thankful to be alive.	His wife was diagnosed with cancer.	0
6a8d8196-f0e6-4feb-a429-47523c4a0599	The skydiver glided safely to the ground.	She jumped out of the plane.	0
b0af663b-3ed7-4819-9150-78210029c147	The man lost the competition.	He intimidated his competitors.	0
9931f1a9-c58e-4c69-b1dc-7f66f9526091	The man craved a cigarette.	He was addicted to nicotine.	0
37b59d6b-94a9-4e0d-9833-9b2f335639c2	The police closed the investigation.	They apprehended the suspect.	0
9d1fc7dc-c4fe-4a44-ad8a-ff7b989c76e1	The man felt obligated to attend the event.	He promised his friend that he would go.	0
a4a8dda0-ad05-46c5-8e15-04b1bf7cd924	The executive decided not to hire the applicant.	The applicant failed a background check.	0
be0b0ec9-d14b-4a8c-b9a0-517f33389edc	We ordered a pizza.	The pizza was delivered.	0
72695133-76ea-4f4d-a026-812356e0d1eb	The car looked filthy.	The owner took it to the car wash.	0
02fc92cb-3a1b-45eb-bf19-a8b046f39da8	The girl wanted to demonstrate proper etiquette.	She put her napkin on her lap before eating.	0
27e11001-4559-4677-9dc5-71af1394e7eb	The woman resigned from her job.	She believed her superiors were acting unethically.	0
8ab80e8d-2b23-4306-bce2-77baaa040f50	I rubbed the soap between my hands.	My hands went numb.	0
54b9a7a8-1243-494e-aa59-e78540fd3c4b	The man dropped food on the floor.	His dog ran over to eat the food.	0
127860c0-8e41-4826-a1b8-46d2a085209e	The button on my shirt fell off.	I sewed the button back on.	0
0de68861-8974-4501-a252-a902f22e5930	The boy threw a temper tantrum.	His brother took his toys from him.	0
979aec5d-2bc6-49b3-8a57-6d5cc3bbd190	I wanted to lighten the mood of the conversation.	I remained quiet.	0
1688ddc1-04d4-4536-990a-795974e40535	My friend was recovering from surgery.	I dropped her off at the hospital.	0
f529edb8-43c7-43f7-b66f-186509ed0feb	I planted the seeds in the soil.	I watered the soil.	0
b8435f9e-9e62-4df5-aa01-76ac5c465912	The man craved a cigarette.	His family urged him to quit smoking.	0
fcde581a-9d5e-4b2f-b754-b8ef972dbfd3	The man threw out the bread.	It was fresh.	0
652534cb-931a-410d-85cc-edca030464a2	The boat capsized.	It was caught in a hurricane.	0
4b6994a8-3797-4644-ae41-dab21a0704eb	The boy lost hold of the bar of soap.	The bar emitted a fragrance.	0
19c749b4-c02f-4a69-bf2c-34aae569c8ab	The man gained weight.	He got his shoes shined.	0
70596957-215f-438f-8180-8e0dad4fca5b	The football coach lost his voice after the game.	He whistled whenever a player scored a touchdown.	0
01458349-a604-4c9a-b5dd-2ca4a0f4d6d3	The chef pressed down on the dough.	The dough crumbled.	0
381be728-bd87-48f5-b453-052819b6cea4	The woman shivered as she got out the pool.	She poured herself some lemonade.	0
45500c33-10ac-4ee1-b005-e1c85ce64ab1	The detective flashed his badge to the police officer.	The police officer let the detective enter the crime scene.	0
c7959516-a6e2-41e6-be7f-541dde0fec54	Air pollution in the city worsened.	Factories increased their production.	0
d36700b0-c3a9-4e74-8602-2838a7e0ab52	The woman read the newspaper.	She discovered the outcome of the election.	0
c4ac21f3-4e97-404e-b0a6-16c970a8b2bb	The egg splattered.	I boiled it.	0
d3923e27-461e-4417-8246-75fe83664b9a	The customer thought the souvenir was overpriced.	The vender sold it to him.	0
56ebcf22-74ce-4036-a592-54869c7968c1	My eyes became red and puffy.	I was sobbing.	0
af191e1c-a865-4f4e-a26e-3a7aa050cde5	I rubbed sandpaper on the wood.	The wood became smooth.	0
0adaf735-11ef-4af9-a908-e0178216fdda	The woman filed a restraining order against the man.	The man called her.	0
0bf16947-e3e8-4855-9fde-86d9efe526a9	The father shut off the children's television.	The children were watching cartoons.	0
dca40802-0b88-4d3c-9075-53318ce9e783	The detective flashed his badge to the police officer.	The police officer confiscated the detective's badge.	0
d99980d4-c275-4a2a-9225-a8f09d73d391	The benefactor requested to stay anonymous.	He wanted to maintain his privacy.	0
508acbe4-d374-440b-815c-6117ce47ca46	The girl's mouth ached.	She swallowed her gum.	0
cda57177-7046-4155-bd2a-153eabb104e9	The animal species became endangered.	Their predators went extinct.	0
310c9ebd-197e-454c-9202-e540cc94df42	My stomach growled.	I forgot to eat breakfast.	0
6d51754d-5ba3-468b-a5c2-024436ce571c	I received a package in the mail.	The package triggered my curiosity.	0
b48bf5e5-03db-401c-8b22-c034e2eebc07	The young woman was denied entrance into the bar.	Her friends stood her up.	0
45511151-a7d9-421d-bf5b-41aa9f25a772	The computer crashed.	I backed up my files.	0
0fa42bbb-71d3-4240-a926-2d37815510d2	The driver slammed on his brakes.	The car radio shut off.	0
15abebb7-c18f-4ce7-b2cf-0165a913ab55	The girl received a trophy.	She made a new friend.	0
c9504609-1ba0-469a-945b-8d855afebe04	The terrorist set off the bomb.	The bomb was deactivated.	0
767684cf-2958-42ce-b384-6e8c602a3e2f	The woman contacted the real estate agent.	The woman planned to buy a condo.	0
289d33e8-476b-4322-9b29-47ca73c84564	The girl gasped.	Her friend stuck an ice cube down her back.	0
24ad28ee-c20c-4781-a3a0-02431d03355e	The balloon expanded.	I pricked it.	0
2fa068bb-fe8a-4148-b18b-a5f4eca51375	The boy felt homesick.	He bickered with his sister.	0
57f9093b-f416-494a-840b-749b98cdfe17	The boy lost hold of the bar of soap.	The bar was slippery.	0
7dff5d3f-ac1e-45a8-b99a-1ea822dbcc8c	I finished a page of the book.	I turned to the next page.	0
c49c1f77-700c-48ae-90b5-397b7fcd7f92	The man held his breath.	He went underwater.	0
b00a0a50-83c1-4177-a2cd-f97b3531a010	The woman visited her family.	She distrusted them.	0
f0082d87-8a93-4826-8f41-0921adb968ba	I dabbed the floor with a paper towel.	I spilled juice on the floor.	0
7abe0fb3-e3ed-44cc-8592-5d5e44c6c457	The fugitive hid from the police.	The fugitive remained at large.	0
666b5dab-3470-4f74-b4dd-6a2e56084d9e	The sun emerged from the clouds.	The woman glanced at her watch.	0
da6fcc4a-5049-417d-a6af-cb66407a67e7	The DJ turned the music on.	People left the party.	0
232ebbb8-fcfc-4bc8-9556-f41581ed2b4c	The skydiver glided safely to the ground.	She opened her parachute.	0
408c3d52-c42e-4a10-8982-dfe80a73944e	The hospital sent the patient home.	The patient's symptoms cleared up.	0
a3e84595-03fc-48aa-8524-2388d33da678	The girl wanted to make her mother happy.	The girl ate the cookies her mother baked.	0
17b8f945-2f02-4bdd-bac7-88d91fa75aa5	The rocket flew up into the sky.	The girl designed it.	0
47a41ae7-c2e7-4070-b008-13b2cf8f4a6d	The man grew old.	He sold his belongings.	0
461ee04d-a978-421b-b091-fe8ca92ffc7a	The man woke up with a toothache.	He missed an appointment with the dentist.	0
f5097e58-e3d0-43e2-9657-42f5e76c65e7	The man's pocket jingled as he walked.	His pocket was filled with coins.	0
38311f62-caff-4d97-8bac-3728485ef62d	My ears were ringing.	I went to a museum.	0
9b19f1ef-33db-4614-829a-7d2baecfb257	The clock stopped ticking.	The clock showed the wrong time.	0
5c17c337-0e39-4672-8e96-25de5db85578	The mother called an ambulance.	Her son fell out of his bed.	0
05a1e285-8bca-423a-a6ce-7beb7edfb2ff	I wanted to conserve energy.	I shut off the light in the unoccupied room.	0
c5cd881e-f221-4601-a96a-c952a282608a	The photo albums collected dust in the attic.	They remained untouched for years.	0
4f3fa34b-f357-4947-8aec-1685a4072afb	The woman shivered as she got out the pool.	She wrapped herself in a towel.	0
0635bb56-ebb0-4b65-bbd6-97d89945126b	My car was towed.	I parked illegally.	0
706283f7-5ab6-4c32-b3ed-d819a7016f94	The woman became famous.	Photographers followed her.	0
41c7bd17-9653-46e2-bf22-5724994cea54	I ran out of breath.	I read several chapters of the book.	0
be7bdd16-7ffa-4db7-a5b8-23109b0b51ee	The police closed the investigation.	The victim recovered.	0
96ef27bd-fa1d-4ca0-82e8-0f09ae40faed	I put rubber gloves on.	I was preparing to wash my hands.	0
b83f5aa9-39ff-4eb0-86d1-d62929556fd5	My view of the movie screen was blocked.	The couple behind me was whispering.	0
a611f570-fa72-4f66-a418-4ab7353af5ff	The driver turned on the car's headlights.	He heard thunder.	0
7bb332af-7a17-4950-9878-47aa8f5da857	The man closed the book.	It provoked him to think.	0
490c6d90-d2a0-48ec-b074-e6f8a013fbbc	The man signed the document.	The transaction became official.	0
0261fca0-7d8f-4fd7-9f38-9a8fca130afc	The patient went into a coma.	He suffered emotional trauma.	0
7023a429-8e2f-4f61-9d6f-b75bf277af50	I stayed up late.	I was tired in the morning.	0
5a78666b-2e26-40b9-a4e8-582648361d49	The driver turned on the car's headlights.	The sun went down.	0
01fe27c3-7e47-4bc6-a8e4-f046bc5ca09c	The woman read the newspaper.	She casted a vote in the election.	0
115dd0d9-9d4d-4ffd-8e12-8375801ad00b	The fussy baby calmed down.	The parents shook a rattle in front of the baby.	0
d3e974b4-be72-485c-8741-aa1364c19943	The police handcuffed the suspect.	The suspect resisted arrest.	0
92e07b18-d7a6-4416-a298-3c3172773310	The woman presented her brother with a gift.	Her brother refused to accept the gift.	0
f4504a32-4bfc-4494-8314-75ed6156dcb6	I planted the seeds in the soil.	The seeds sprouted.	0
e221b81e-8087-4c79-b421-33a35730b9c9	The girl applied the scissors to the paper.	The paper sliced apart.	0
dccf8b11-f3da-4234-bdc3-556f5459111f	The toddler became cranky.	Her mother fixed her hair into pigtails.	0
1ca1381d-586a-4fa8-b457-c3f726edbdac	The dust came off the desk.	I wiped the desk with a cloth.	0
817791c9-780d-4c6d-9c61-3084bb6c24ce	The rider fell to the ground.	The bull chased the rider.	0
7c0d06b6-4901-47e1-8f99-aba40c320a90	The man was bitten by mosquitoes.	He went camping in the woods.	0
400fb705-9821-43ff-88b1-dbdb13a1b2f6	My friend was recovering from surgery.	I brought her a card and flowers.	0
f49e836f-c8f7-4a08-a4d5-b609dd4197ad	The room was dim.	I opened the blinds.	0
9420906c-a439-49e9-9bf6-10aa3659248e	My jaw dropped open.	I was unhappy.	0
0317b9cd-668d-48fd-ae66-4cac22fee533	The clock chimed.	It was the top of the hour.	0
6d3b5a93-44b6-47a8-bd23-e95899c1fd6c	The woman complimented the man.	He sneezed.	0
a786abcd-c586-4335-aff5-189592026f26	The woman awakened.	Her husband was snoring.	0
66c0915c-0970-4a02-bd82-766e371eae69	The elderly woman suffered a stroke.	The woman's daughter moved in to take care of her.	0
0171958d-effc-4f63-9f33-c4a06b538aa9	The audience booed the comedian off the stage.	He entertained the audience.	0
f9393929-a748-4805-b64a-7b734d649b3f	The group overlooked the woman's faux pas.	The woman apologized.	0
a5747360-7eea-49bc-9c12-5a987e424341	The child became immune to the disease.	He received the vaccine for the disease.	0
7adac334-2adf-4596-a644-b3feb0411ae2	The man defied the authorities of the church.	He donated money to the church.	0
1b88c6bd-087a-443c-9a96-b2cc1f1dc653	I clenched the candy wrapper in my fist.	The wrapper ripped.	0
52d1d25b-8562-4846-a0b6-d5bdc4e2bd20	The police searched the offender's car.	They were looking for illegal drugs.	0
3ca48d15-7e4d-4900-92a6-1b8018fbbc1f	The patient underwent the risky medical procedure.	The procedure was costly.	0
3fc56024-ba8a-4647-8e62-6628d5ccfaf2	The girl shared her lunch with her friend.	Her friend sat next to her at lunch.	0
18a6e86b-4d8b-4c7c-8fe2-cc3db253bd25	The man revealed personal information to the therapist.	He disagreed with the therapist.	0
4346425d-ea7f-4c8e-964a-b68e8c1a8681	The man threw his empty can onto the street.	He was fined for littering.	0
ef1e9ee3-92b0-45b0-be5d-16b0a02532de	My daughter suffered an allergy attack.	I took her to the emergency room.	0
1e868d96-5f32-4099-a6d2-954cfe92f5cf	The inside of the train went dark.	The train ran off the tracks.	0
02b501c9-4b63-4b7c-b044-d4b245a62e99	We found empty seats in the theatre.	The film began.	0
14fc8d4c-2e45-4b29-ac40-f83624c165ed	The turtle hid in its shell.	It ate a fish.	0
ac98010c-3432-4c25-b811-1ed0d9a2cbbe	The boy filled the bucket with sand.	He was collecting seashells in the sand.	0
dc66af8c-b1f5-4afa-86c6-6df00dfbdd0b	The woman exaggerated the details of the story.	She wanted attention.	0
245511af-749e-4c8d-b905-857d8d9e4a12	I spent the day at the pool.	I sprained my ankle.	0
1233e6db-dc3b-43ec-bcf4-e27064bdebde	The cup of tea was scalding hot.	I blew on it.	0
9cea54a1-701f-4c16-a0fb-5adca371ac45	It got dark outside.	Snowflakes began to fall from the sky.	0
18f77aaa-16cb-4b1e-b896-8b00dae76dbb	The scientist gained recognition.	She discovered a new species.	0
61584abf-7b9f-485a-86a6-2b653e8a39d5	I finished a page of the book.	I ripped out the next page.	0
ce4e3e1b-37a7-4f38-9364-905f07b38cb8	The chandelier shattered on the floor.	The chandelier dropped from the ceiling.	0
b4d830a5-e811-4d36-8e67-978face3feec	The couple got engaged.	They planned a wedding.	0
d22a21c0-187d-4490-bdf3-80dbf8d64d23	The woman felt lonely.	She renovated her kitchen.	0
6ad44d3e-6f82-4621-ae6f-90711f26b182	The host served dinner to his guests.	His guests went hungry.	0
cc162f7c-350c-4877-9232-40d7e7d8f244	My foot went numb.	I shook my foot.	0
3cd612d7-3c85-4950-ada7-94f00cd254c3	The woman spotted her friend from across the room.	The woman escaped.	0
70d09b35-b60b-4e2d-9c20-2ff58eaa7b04	The man perceived that the woman looked different.	The woman wore a bracelet.	0
78c60525-3ea7-4f38-8a7e-dfed9a1a8502	I needed to get cash.	I bought a wallet.	0
0ed71b7b-1168-471f-8e52-5d7065be8057	The swimmer won the race.	Her team lost the meet.	0
7f9fe277-435b-4e30-81b7-cf69ed64d2db	The book became a huge bestseller.	The author faded into obscurity.	0
29efa2aa-e550-4bc5-b13d-0ce962eddd7b	The tenants were evicted from the apartment.	They neglected to pay their rent.	0
88c66659-120f-42d0-90a5-c88614b52ee5	The woman pressed down on the piano key.	The key got stuck.	0
77b63727-1ee5-4783-b719-94403acc4711	The boy's mouth stung.	He ate a pepper.	0
a16888eb-c2cf-4c4c-89c0-a9e7c6e5c566	The student received detention.	He talked back to the teacher.	0
33dbef71-80e2-4286-8649-5be1e9f29132	The girl was angry with her friend.	The girl spread a rumor about her friend.	0
358a25de-13ba-4c8e-8799-3960c3a727d8	The child disobeyed her parents.	Her parents punished her.	0
8cb24695-1728-42df-82b6-9123d93327ae	The driver rotated the steering wheel.	The car halted.	0
3175fe53-6b14-4087-9ac8-443611517eb8	The father shut off the children's television.	It was bedtime for the children.	0
2a4bb53a-996b-4040-874a-56486135fea1	The woman had an infection.	She washed her hands.	0
00f61934-79ea-4f1b-ab02-82fd20adaeb9	The navy bombed the ship.	The ship's debris sunk in the sea.	0
df13d2a8-7635-452d-8b28-87ba083febf2	My feet were blistered.	I went hiking.	0
a505b90b-2107-4448-b9fe-75b46a61eda4	The skunk sprayed the dog.	The dog emitted a foul smell.	0
f9e9ab92-06c7-4ed6-ad62-84aa67c50bbb	The woman hummed to herself.	She was in a good mood.	0
696f2184-96e8-48a6-bf19-157b265d4877	I put coins in the washing machine at the laundromat.	The machine powered on.	0
f06db04f-969b-4fd3-b14a-fc3abbf8bd37	The man became disabled.	His family cut off contact with him.	0
f4a14cb0-2a5e-4a6d-9826-3e34e6b333df	The book was deemed inappropriate for children.	Teachers required students to read it.	0
985b27da-7ecc-4823-b326-b696a6c1e393	My grandmother passed away.	My family held a funeral.	0
69e5541b-c2fb-4aa4-9713-65482c481dd4	The company's profits started to level off.	It increased its marketing efforts for new products.	0
a5f3c546-de49-409a-a8b1-d31515d32ae2	My stomach hurt.	I ate birthday cake.	0
7cb48589-a3c7-4772-855f-670a120143b2	Marine life diminished.	Boats sailed through the ocean.	0
bd89daef-3002-4e18-a6ce-ee1eb3d8e0b5	The couple travelled south for the winter.	They were retired.	0
3cd6ca73-b25a-4eb4-8ef2-36aae1c806dc	I twisted the cap off the soda bottle.	The soda fizzed.	0
49209862-ba35-442e-99c0-f45f8aadedbe	The jewelry thieves were caught.	The cost of the stolen jewelry was calculated.	0
3d7cac50-a2cd-4409-aef7-097de89fad2c	The patient was dehydrated.	The nurse gave him an IV.	0
84eaaa69-3b0e-4698-acf3-5b76957fe3a7	The man made an error in his calculations.	He checked his work.	0
8a50bd61-fad0-413e-80da-02ad020ca0bc	The school principal implemented a dress code.	Students were expelled from school.	0
cd5aaff9-1d8f-49c8-b0dd-7c5134d89d63	The stain came out of the shirt.	I bleached the shirt.	0
4b2ae8e0-bbd5-4532-bb9e-223d3653563e	I scrubbed the stain on the floor.	I got rid of the stain.	0
7f1f398e-cc96-453c-b235-f3ea8322a7dd	The ocean tide was dangerous.	The swimmers put on more sunscreen.	0
359b8643-55b7-4fe0-9bac-be01883853d1	I put ice cubes in the hot soup.	The soup became thick.	0
c21db9bb-3224-4c6d-aa99-014f52734d60	The toddler started crying.	Her parents took away her toy.	0
b9c50325-b768-4127-aa50-b8e0bb0e8b0a	The police eliminated the woman from the list of suspects.	The police interrogated her.	0
a59149ec-aa77-468c-94da-a5bbad96b546	I came upon a puddle on the sidewalk.	I leapt over the puddle.	0
7ac5747e-926b-48ef-8d1b-d9a826af4c30	The boy felt homesick.	He went away to camp.	0
2d17bbef-9590-4ee2-90bd-20ea3acaa8dc	The city re-elected the mayor.	The mayor fulfilled his promises.	0
7824395a-2af1-434b-8413-ba3f2aab9948	The teacher assigned homework to the students.	The students passed notes.	0
b1a159b1-0f3f-46c6-961a-8bfdb3a745d7	The boy filled the bucket with sand.	He was building a sand castle.	0
36e29cf8-4141-465f-be47-0a4aefb084a1	The flashlight was dead.	I replaced the batteries.	0
300efb16-cc96-443b-bcb1-1d6f33438f40	The girl received a trophy.	She won a spelling bee.	0
9382f463-fcfa-4880-a16e-6b413c57bbca	Plans were announced to replace a local park with a shopping mall.	Environmentalists started a petition.	0
9fb4c99f-634f-4795-a618-46fe69ee1d9d	The airline mishandled my luggage.	They offered me compensation.	0
e6a53282-711a-49bd-badc-f02596c8411e	The man drank heavily at the party.	He had a runny nose the next day.	0
307481a5-7be6-47f8-a4fb-a65ac7abc94c	The runner wore shorts.	She planned to run along the beach.	0
b19e7753-13bb-4e7c-a061-db7820726452	The woman won the lottery.	She bought a yacht.	0
e34edc9b-298b-461c-abbb-5bbebb68c361	The host cancelled the party.	She was certain she had the flu.	0
bcf19165-3b8f-46a0-8ce1-6b8535e15919	The girl wanted to wear earrings.	She got her ears pierced.	0
764b9ffb-eaaa-4114-b2e5-137d07376685	The man drank heavily at the party.	He had a headache the next day.	0
6d8d8175-d067-42fd-bfdb-3e7490817976	The girl performed in a dance recital.	Her parents came to watch the recital.	0
656935f6-e4f2-40b2-8581-82f84a17e176	The runner wore shorts.	The forecast predicted high temperatures.	0
56629dfe-64e1-4984-b99f-0ed27e1fe651	The police officer pulled over the celebrity.	The celebrity offered the officer a bribe.	0
8f6930fd-2ef0-4a52-97c3-171f3a5b069e	The airline mishandled my luggage.	They cancelled my flight.	0
512da2d8-4bec-41d8-9cf5-f39da41f9a88	The girl pushed herself off the top of the slide.	She crawled up the slide.	0
ca0b2a90-6230-46ac-a64e-bfc638e7a690	The teenager ran away from home.	His parents abused him.	0
c2300d13-c038-41d5-a0f5-079f2f1071de	The bar closed.	It was 3 AM.	0
73492712-a8d0-4082-97b7-9c709aaf14c4	My subscription to the magazine expired.	I discarded the new issue.	0
4c9172b5-3c45-4739-b6bd-b48ada8f53f1	The friends' dinnertime conversation turned to politics.	The conversation quieted down.	0
8a6ff966-81f7-4f9d-9450-ad1a16501530	The surfer caught the wave.	She paddled her board into the ocean.	0
77907d14-0171-4403-a626-239941d20903	The climbers reached the peak of the mountain.	They congratulated each other.	0
8de68bd2-efea-4e77-8b9f-a69b2d2f9093	The flashlight was dead.	I took it apart.	0
251f359e-ba43-4d45-9864-dc8d3e51bf7a	The student was in a rush to get to school on time.	He left his assignment at home.	0
7a43368e-c1ae-492f-bca8-18a628eead25	The boy murmured his reply to his mother.	His mother told him to whisper.	0
e45dc2ab-fb19-49c6-96e6-f13ddd1ff588	The bride got cold feet before the wedding.	The wedding guests brought gifts.	0
9816a2e3-3d53-4943-95a3-7f6b1deab670	I pulled the rubber band.	It flung across the room.	0
6a96aae4-c93d-464a-87b1-47b04a05b149	The child disobeyed her parents.	Her parents hugged her.	0
e467a15d-52ee-4d18-8c55-3929de7e9136	The customer thought the souvenir was overpriced.	He bargained with the vendor.	0
3f15f066-4b73-464c-94ea-2f58aebdedf2	The pharmaceutical company recalled the drug.	Users reported dangerous side effects.	0
76767d5d-df9f-4c57-86fc-4ba9c7d5b427	The clock stopped ticking.	I took extra time to get ready.	0
8a3100a3-c4f1-4b3f-96bb-627179d4c50a	I misplaced my wallet.	I retrieved my phone.	0
a0585d3c-9f02-49f9-b92d-66ffddc7da31	The man looked at his watch.	He realized he forgot something.	0
210a8fb7-e01f-4931-8912-e1faa607f4dd	The sun emerged from the clouds.	The woman took her sweater off.	0
76b8891d-9aa0-47aa-ad93-e148d0d6ab9d	The man threw out the bread.	It was stale.	0
078fd325-d296-40c9-bab1-c0699847d5ad	Everyone in the class turned to stare at the student.	The student took notes.	0
dc6e8c44-518f-4873-9c53-7b88ae18dcf2	The couple got engaged.	They took some time apart.	0
4f5a5b04-bf0d-4100-86ad-7fa9c872bf12	I got distracted from my conversation with the woman.	The woman was telling a funny story.	0
4dfc9f2e-aec1-4223-8c4a-1c4e2b18a75a	My grandmother passed away.	My family held a reunion.	0
6f845d36-825c-42ea-949c-3af3bbc83929	I pushed the wagon.	The objects in the wagon fell out.	0
cd0264e7-1f4e-477c-9c30-6b8ce28c9fb1	The man needed coins to fill the parking meter.	He searched under his car seats for loose change.	0
d77e5c07-d540-4f09-9c26-c905083a8d89	The woman was arrested.	She checked into rehab.	0
e0d67261-6dda-46b5-8bfb-605a37bd9509	The photographer got the child to smile.	The photographer quickly snapped the child's photo.	0
903edab5-2adb-45fd-b215-ac2a7d97b9da	The shop was closed.	The owner was helping customers.	0
ba2ea6d0-14a4-45de-83a6-99261ea222e2	The man fell unconscious.	The assailant struck the man in the head.	0
5b497f58-0663-4e07-99fa-0851821efb2e	The student flaunted his test grade to his classmates.	He feigned interest in the class.	0
fc54db9f-a9e2-434d-aa4b-7b9d7caffccb	The pair of students came under scrutiny by the teacher.	Their responses on the assignment were identical.	0
93f17f15-06cd-4ed0-afc2-7fa94c336a96	The woman was wrongly convicted for the crime.	The jury was fair.	0
b41a64e5-1d8e-4202-b4fc-3cd0da5b8ad5	The bowling ball knocked over the bowling pins.	The man dropped the bowling ball on his foot.	0
7869f527-ec7f-4c4a-ae04-7b4fc4d19077	The girl was angry with her friend.	The girl told a secret to her friend.	0
116d3625-5ab9-4697-9f0c-02ca2a854ae1	The woman got away with the crime.	She destroyed the evidence.	0
c9bdbb08-6f78-4be7-8c97-0296d3427948	The man removed his coat.	He loosened his tie.	0
ce0bd576-9513-4cb4-9612-6229c8c02418	I poured water on my sleeping friend.	My friend awoke.	0
abaeb8b5-183f-49e0-bc34-693834f49751	A crater formed on the moon.	A comet collided with the moon.	0
c6eb337d-ac75-4581-b5ee-5635c96d7d76	The archeologist dug up the site.	She excavated ancient artifacts.	0
11069882-9056-4859-93ca-a4eca4e959a5	The woman resigned from her job.	She aspired to hold an executive position in the firm.	0
5c4de7cb-ce63-4d1a-a28a-4375876a3594	The man closed the umbrella.	He approached the building.	0
d6d05f6f-3f3d-4fb0-8d51-2625a81db450	The man took notice of the woman.	He had his back turned to her.	0
da8e29f5-7724-49df-872b-d0b206b5b037	The girl found a bug in her cereal.	She lost her appetite.	0
a8877889-9a59-4e45-960e-41edab1ea8c2	The man's clothes fit loosely.	He lost weight.	0
d8af8a1a-dc6a-49d0-b3f2-248d1ef4241b	The girl handed down her clothes to her younger sister.	The clothes were tattered.	0
bf21fd17-886c-42d8-b57c-13506d19aea1	The stranger cried out to me in a foreign language.	I stopped to chat with him.	0
b7abdb26-4403-4eb8-ad3f-bca278531772	The man dropped food on the floor.	His dog jumped up on him.	0
0465269b-671f-4e95-b961-ad87aa487b6f	The teenager grew taller than his father.	He went through a growth spurt.	0
d4465039-ecc7-4ada-9583-3f674c2c55c0	The pond froze over for the winter.	People brought boats to the pond.	0
9ec9b049-4b53-4e90-899a-ea703888ab25	The woman walked with crutches.	She broke her leg.	0
40f30d2f-e6e0-4703-aa8c-1663582accb1	The boy wanted to be muscular.	He played computer games.	0
3078c93a-dd0a-4f4c-9524-f6c8a4fc3087	The couple travelled south for the winter.	They were separated.	0
dd057003-7f0e-434c-80a6-b797962369f6	The doctor x-rayed the patient's arm.	He discovered that the patient's arm was broken.	0
c5bfb3c8-ddf8-4fbb-9302-f20b6b36823f	The man wanted to get revenge on his enemy.	The man framed his enemy for a crime.	0
a37a78e9-02c1-4ba9-9a25-4333477f8b0b	The woman's date wanted to look like a gentleman.	He opened the door for her.	0
d5cb3155-0cd9-4f84-a80d-73655837f212	The secretary put the caller on hold.	The caller's phone lost reception.	0
080d730d-d999-40d5-b86d-dd91f58388e5	The man grieved.	His wife criticized him.	0
25bd09b6-4dc6-45bd-9cd4-df68c10af8b9	The team lost the game.	Their coach pumped them up.	0
cfe05b04-c490-42e0-b850-9fc0587653b6	The boy found the television show boring.	He shut it off.	0
567b904f-b7f3-4f65-b381-b9b7b98212da	The woman felt ashamed of scar on her face.	She explained the scar to strangers.	0
ce66d4cc-1d8e-4819-8424-a48978050a21	The bodybuilder lifted weights.	Her muscles became fatigued.	0
9b5b1d6d-98d9-4eb3-a22d-3158669be465	A fistfight broke out in the hall of the school.	The principal called off classes for the day.	0
89e03ce1-c7c2-43ca-ab4a-690baf7bea41	The scientist conducted an experiment.	She validated her theory.	0
a79b0226-f3ad-4f74-ad66-248c433433a5	The man revealed personal information to the therapist.	He trusted the therapist.	0
afe51ca6-8a6e-4f48-aac0-208c745fbfe7	The nurse prepared the needle for the patient's injection.	The patient tensed up.	0
e5da5653-20c1-44f4-bd23-b566488fe2a2	My favorite song came on the radio.	I covered my ears.	0
a196aa71-8451-463d-9bcb-24bc654234d8	The glasses on the table spilled.	The child drew on the table.	0
cf0eb76b-27f3-4812-80b8-7dba430ebd8c	The window was opaque.	The glass was stained.	0
a1660213-1c88-456b-b0b2-4d3e95f8ddba	I pushed the pendulum.	It slowed to a stop.	0
db889736-3843-4eed-8bcc-3e7bb7384e53	The child caught a life-threatening illness.	She was adopted.	0
39bd2392-7067-45f0-8059-cd5256f0d2d1	The girl came across an unfamiliar word in her textbook.	She looked the term up in the dictionary.	0
03f6c71f-367e-477f-bd14-3347e92b0389	The woman's purse was missing.	It contained a lot of junk.	0
6cb4aa31-8c88-4b57-8922-7becbf5697a5	The print on the brochure was tiny.	The man retrieved a pen from his pocket.	0
42db3bfb-0566-4bc9-a605-25ab567fd8bc	Everyone in the class turned to stare at the student.	The student's phone rang.	0
3aeded60-d6e4-464e-bbcb-66d2a636a79a	I put shoes on.	The paint on the walls was wet.	0
7baa6e7f-9d00-4e60-b96e-9282a075342f	The women met for coffee.	They wanted to catch up with each other.	0
93822cf6-7e91-4f55-a547-5e2b03847e12	The woman won the lottery.	She joined a church.	0
39772b6f-32a8-4d90-940d-c54c86f277ed	The boaters set off a flare.	Their boat drifted to shore.	0
618ec843-20dd-4dad-8874-29a5dead5950	The mother needed help looking after her children.	She sent the children to daycare.	0
f4feb59d-e633-4237-a56a-4ed506453de4	The investigators deemed the man's death a suicide.	He had children.	0
da7903e0-e075-409d-a3a9-4249fdbf7316	The man looked at his watch.	He realized he was early.	0
8f666e04-b7f0-46ef-9c75-3fa1fc897d24	My stomach growled.	I was full from breakfast.	0
5e20f368-8dc5-402a-92ac-e21525a1db70	The bride got cold feet before the wedding.	She called the wedding off.	0
35e29e4c-1a06-4fab-9016-435247820f70	The guests of the party hid behind the couch.	It was a birthday party.	0
b99df0db-89f7-4cb6-9565-53c6fd175ec8	The mother became eye level with her son.	She held his hand.	0
76569250-fc7b-4c43-98d9-0b2866b2ac21	The company lost money.	Its products received positive consumer reviews.	0
f383cdc9-3c7f-4b5b-929f-c3a8e8543a0e	I slipped on the floor.	The tile was wet.	0
9e36bbe7-0b7c-4597-882b-483f4a66c1d7	The friends' debate dragged on interminably.	The friends were splitting hairs.	0
164fd74b-468a-46f7-8a8b-c2624a77f51a	The boy turned the lid on the jar.	The jar became warm.	0
0de2c267-8d2c-4ad9-a521-e8e11272190b	The man closed the umbrella.	He got out of the car.	0
7eb3998e-ac35-4894-88ef-d9c60c0d5d84	The water in the teapot started to boil.	The teapot whistled.	0
2c220b14-984c-4187-b654-ead3a75e3a92	The woman hit a midlife crisis.	She went sky diving.	0
8de73866-d6ed-48f7-826c-85657df43d5d	The woman covered her ears.	The woman smelled smoke.	0
c8c72c55-e832-4294-a149-3f5b528e8488	My breath smelled of garlic.	I brushed my teeth.	0
7db05abd-d26c-4b3c-b663-6cb919e04335	I hung up the phone.	The caller identified himself to me.	0
5234ed89-85a1-433c-bd1e-6b7e8347d484	The woman banished the children from her property.	The children trampled through her garden.	0
e810dabb-7a72-45aa-980a-dcddd51874ee	The man begged for forgiveness.	The woman took pity on him.	0
194e6b06-5b87-423d-b3df-bb9ed1fb6aa5	The family took their dog to the veterinarian.	The dog injured his paw.	0
1a952d0b-84eb-4ecf-be54-dd93d5bdbcfd	The man contemplated the painting.	He collapsed.	0
8a35dbdb-c2df-4b7d-a20c-5d51d278cf98	The nurse prepared the needle for the patient's injection.	The patient bled.	0
0ba21a46-45c5-4fe1-9ba6-11f560aa204e	The woman's date wanted to look like a gentleman.	He asked her if she liked sushi.	0
6467b9cd-a992-4545-82c6-aa6a7f995573	The man drank water with his meal.	His meal was spicy.	0
eb1f8d17-7fb3-4bca-aa53-82d8d9943139	The baby was wailing in his crib.	The mother picked up the baby.	0
15718525-24e0-4cc9-aacd-0551dc6db6f9	My knees buckled on the stairs.	I caught myself on the railing.	0
bf314596-17d7-4e0a-9f88-81a03eddd667	Marine life diminished.	Oil spilled into the ocean.	0
6d5e8e9b-8f71-4d1a-afa1-7a1e94fce128	The teacher took roll.	She identified the students that were absent.	0
90af081c-f8bc-401a-8a0b-12d675dcf37a	The soldiers were concealed in the brush.	They were armed with rifles.	0
e112bcb9-ab08-47ec-bfcf-9fd762b1ceb4	I lingered in bed upon awakening.	I was hungry.	0
924fdae2-a77d-462a-a226-efd5988cfb67	I spent the day at the pool.	My face got sunburned.	0
c6172e26-3f5d-4f59-90f6-a41053c4d039	The motorcyclist twisted the throttle.	The motorcycle shot forward.	0
15a8805d-361f-4559-ae23-9d5dc723b2b4	The teacher assigned homework to the students.	The students groaned.	0
4909e75c-85cf-4f25-b52e-1a19b0533daf	I was confused by the professor's lecture.	I paid attention to the professor.	0
db3d1ae0-e522-44bf-96ec-af51a0c641e5	My view of the movie screen was blocked.	A tall person was sitting in front of me.	0
aa769ca1-0756-43c6-8aca-0773afdedb00	The crowd gave the band a standing ovation.	The band reappeared on the stage.	0
1804161d-977a-4dd8-90bf-359bfed97da9	The girl wanted to make her mother happy.	The girl picked a flower for her mother.	0
9c5ab4e5-49e4-42f2-8b86-5cff6776c70d	I moved to a new city.	My son was born.	0
977b36ca-ab9b-4e79-aa19-4f7a6086eda0	The vehicles travelled slowly.	It was cloudy.	0
3e01498d-89c2-4f13-ad8e-c67d4d3ecf82	The woman deleted the email.	The sender requested a response from her.	0
052e8d8f-0e86-4f3b-b097-cd56d944cba7	The boy's hands were shaking.	His palms were cold and sweaty.	0
ff788202-7b8b-4560-810b-fe09e8d4c8b4	The lock opened.	I turned the key in the lock.	0
ae15478d-5f72-4c00-92d0-bf652b885df7	The book became a huge bestseller.	It was adapted into a movie.	0
0211838b-4def-4c7d-8570-595eb3d1c63c	The gardener wanted his plants to flourish.	He put fertilizer in the soil.	0
1ca2c4fe-a049-4166-a415-77bcb6be2217	The woman hired a lawyer.	She decided to run for office.	0
0652c990-aa6d-4daf-bfce-4218840c47f6	The girl's mouth ached.	She lost a tooth.	0
25c04ac1-bef0-45db-8ce4-365af5fc5bbe	I put my plate in the sink.	I skipped dinner.	0
14ca02f3-fad1-4a1b-8f6b-2c1e45372ef9	The magnet attracted the paperclip.	The paperclip dropped from the magnet.	0
7f8dfcab-0a8c-4f45-bf1a-0c6d828acaaf	The girl politely declined the hamburger.	She liked fast food.	0
e04264db-ae83-485e-82d0-5a4ee3bda5b4	The woman was mistaken for her sister.	The woman looked like her sister.	0
070af9e0-68b7-4688-9c19-c05de0a8c03f	I applied pressure to the cut on my arm.	It stopped bleeding.	0
41707d59-0776-48f9-b9af-4857cd56d90c	The boy turned the lid on the jar.	The lid came off.	0
2292e5a8-666c-492a-8468-d01224b6aebd	The toddler started crying.	Her parents gave her a toy.	0
262d0b1f-220d-4de2-910b-b9c5e2a37d33	The parents recognized their daughter's creativity.	They encouraged her to become an artist.	0
ef237f94-6d2f-4825-b74b-591d5d6e076b	A man cut in front of me in the long line.	I confronted him.	0
eac859f3-6b2c-42ab-9f66-128fffef0609	The baby was wailing in his crib.	The baby crawled to the mother.	0
b0dadc33-c6de-4560-95cf-a900fd110fc0	I received a package in the mail.	I took the package to the post office.	0
9d1a07aa-73ff-48cc-9e14-894225467df8	The boy painted a picture for his mother.	His mother sold the picture to a gallery.	0
20e71011-3a79-4699-91e0-f820676e15b8	I ironed my shirt.	It was clean.	0
926abb44-0ed0-4877-8517-1d378f074a60	The librarian located the book in the stacks.	I requested the librarian's help.	0
a888e11b-82c4-40d5-8429-25e91268ffbd	The man broke his toe.	He dropped a hammer on his foot.	0
ca96020a-9365-4bc5-a60a-e8c75a796613	The fortune teller's revelations were convincing.	Many customers asked for refunds.	0
61999c95-6917-4597-812d-135d2c9f3cdf	My flight got delayed.	Tornadoes were sighted in the area.	0
e7ae1841-1c7f-46ff-923e-3fa54cc0900d	The scientist conducted an experiment.	She fabricated her data.	0
6425e4e1-b5fa-44c1-95a6-e4a181caea22	The driver rotated the steering wheel.	The car turned.	0
f896d33c-a587-4a1e-85e8-d6aa7ce4d98d	The boy giggled uncontrollably.	His brother tickled him.	0
5f8f6043-4ae5-46a4-82da-35ab50b1d2dd	The woman pressed down on the piano key.	A sound played.	0
638705f9-4fda-4513-af3b-eabad40393e1	The patient underwent the risky medical procedure.	Specialists recommended the procedure.	0
bd702805-628a-4eab-889e-74fc5983aaa9	The city re-elected the mayor.	The city cut its budget.	0
55bf7ac6-6696-49ff-b688-1b671395e08f	The woman retired.	She received her pension.	0
194b926d-3acc-4262-ad78-d33a27946624	I excused myself from the group.	My phone rang.	0
087fd08b-6fa1-4063-9cab-7435cf28faca	The girl politely declined the hamburger.	She was a vegetarian.	0
9c902cdb-3c5f-4556-adf2-ecb1d5f5eda0	The parents recognized their daughter's creativity.	They taught her how to ride a bike.	0
5a78a109-ce3d-44a2-b3da-087ad8b66acc	The children knocked over a lamp.	They had a pillow fight.	0
085a152f-16f4-4cad-adfa-0b8c3008ac20	The man read the cartoon in the newspaper.	He chuckled.	0
b01559b6-2443-44b7-8501-a9b915315562	The woman felt lonely.	She adopted a cat.	0
51c45381-81d4-4e34-a5a3-412e26178997	The girl pushed her friend.	Her friend fell over.	0
878abcb9-3ffc-42a3-a954-f3e7ba074c2e	The student's answer on the exam was incorrect.	The teacher added bonus points to the student's grade.	0
938232c2-28eb-450c-ab3c-23c987ef99b9	The driver got a flat tire.	He ran over a nail.	0
bc79da6b-23a8-4b05-b472-2c41a75ba4ef	The fortune teller's revelations were convincing.	She received many returning customers.	0
02209172-d0f4-434b-a0d1-69797a667e57	My body cast a shadow over the grass.	The grass was cut.	0
70f17a26-336a-413d-ad13-574e25a4c726	The farmland needed irrigation.	A flood occurred.	0
e5f465f8-424f-4315-82a8-b64166d55263	The flame on the candle went out.	I put a match to the wick.	0
31a45146-72ad-4259-af1f-c8eda41dc79d	I approached the man.	He looked busy.	0
817206a7-5507-4584-ad34-8a6b11fad2b3	The woman spoke with a foreign accent.	She migrated from another country.	0
9e656e32-e74d-497f-8415-982f4e6f467e	The man read the cartoon in the newspaper.	He sipped coffee.	0
1bd2c83f-ac69-4ba7-b73d-e92c5ccb7a03	I pressed my hand into the wet cement.	My handprint dried in the cement.	0
7a90ea2d-8bf7-49da-8455-a7b18bf36eba	The girl came across an unfamiliar word in her textbook.	She chucked the textbook across the room.	0
a3b469e2-641a-4566-98dd-1e2722d48eba	I tidied up my house.	I was expecting company.	0
55b2026e-2fd2-4f46-be74-8e41642fc332	I drank a cup of coffee.	I nodded off to sleep.	0
0e56c6fe-be7c-49b5-8dbb-be56a021c658	I held the door for the woman entering behind me.	The door slammed shut.	0
78b3ca3a-29ec-482a-ac9d-20f37ed64527	The physician misdiagnosed the patient.	The patient disclosed confidential information to the physician.	0
a125f551-d64b-49ec-98ce-a91a4a69a0f2	The guests of the party hid behind the couch.	It was a surprise party.	0
57b79532-244c-4261-9208-df0e98ce1dc0	The kidnappers released the hostage.	They escaped from jail.	0
c30be605-9676-402f-a25d-f98b3903a3f1	My skin broke out into a rash.	I eradicated the poison ivy from my yard.	0
7476aa50-3a7d-4359-9a77-dde3928cea38	I chugged the pitcher of water.	I ran five miles.	0
b4dc3932-6963-416f-a52f-3b77cf416f39	The mirror in the bathroom fogged up.	The girl turned on the fan.	0
ae1b6895-3dfa-4526-93c6-e6d667828e99	My friend paid for my ticket.	I paid her back.	0
b8052d58-d95e-4d5c-b560-917aabdd3126	The boy mimicked his older brother.	The boy wrestled with his older brother.	0
43f56578-e1e4-4be6-b439-9ede3e0c448f	The seasons changed from summer to autumn.	People evacuated their homes.	0
44912f82-d4b1-4b89-ba31-763987ce6378	The man wanted to get revenge on his enemy.	The man declared a truce with his enemy.	0
9026e861-fd90-4f7a-a598-233d44214207	The bodybuilder lifted weights.	The gym closed.	0
fecb5522-c885-4316-b296-cc5a3efc9776	The tenants were evicted from the apartment.	They got along with their landlord.	0
34098c41-89ef-414f-b03a-7b3dbd3e4f30	The balloon expanded.	I blew into it.	0
2bb04a9c-228a-4220-a15a-f92de2b7e873	The bureau drawers were cluttered.	I threw away unnecessary contents.	0
b35447d9-cb69-43d0-b45a-2cb3709421cf	I made a resolution to eat a healthy diet.	I attended a yoga class.	0
6aeb2b9d-1658-4081-a6be-53c0714e9525	The girl found the missing puzzle piece.	She completed the puzzle.	0
3d0d8183-14cf-453f-8ff3-87d2dd5dfcbc	The woman walked with crutches.	She shaved her legs.	0
6fa86127-5be5-472f-abb5-ccb64942d489	The farmland needed irrigation.	A canal was constructed.	0
554df842-1deb-404d-bff2-258664c08428	The woman had a religious awakening.	She began going to church.	0
120362e7-af73-4124-b995-1dac0a57e65c	The investigators deemed the man's death a suicide.	He left a note.	0
fac11e7c-1669-49e8-a0e4-cbbc8d63ccee	The woman felt an electric shock.	She pounded on the door.	0
7488a9b8-a50f-4594-a9aa-d6ff74fcf315	The host cancelled the party.	She worried she would catch the flu.	0
9327817f-daac-45ec-9f90-279d673b28b2	I clenched the candy wrapper in my fist.	The wrapper crinkled.	0
ffdd71db-61d6-4614-bbb3-77cb15dab195	The customer came into the boutique.	She left her wallet at home.	0
cc17aa97-ef7b-4059-bbd4-a7d07e0e898d	The tenant misplaced his keys to his apartment.	His landlord repaired the door.	0
3e667221-37e3-4098-9624-af1337594713	The truck crashed into the motorcycle on the bridge.	The motorcyclist died.	0
7ff50ec4-7db7-4be1-a668-8dae8ec6e3b0	The woman was summoned for jury duty.	She cancelled her appointments.	0
15cf9011-7329-4a36-9a9e-a7e1e8e50b00	The boy climbed the tree.	A bird built a nest in the tree.	0
6a4872fc-04ac-4891-80c2-7db4d7ef88a6	The customer filed a complaint with the store manager.	The sales associate undercharged the customer.	0
500d4a70-0040-4a57-96a0-ecfb83a18423	I rubbed sandpaper on the wood.	The wood became sticky.	0
1f8f2c0b-e378-4fb5-854a-32f0141eecb0	The parents left their children with a babysitter.	Their youngest child started attending preschool.	0
0c94f22e-2fe8-4032-949a-b23be360fb77	My feet were blistered.	I went swimming.	0
36a30998-27d2-4ead-b433-42eb3a86d122	The competition ended.	The teams got pumped up.	0
69cdd2b9-169b-462a-8296-3ddab4a502d7	The man threw his empty can onto the street.	He was jumped from behind.	0
bc21a510-e18c-433e-880f-9ab022d6a8cd	The man held his breath.	He treaded water.	0
b10a2ea8-8142-463d-94bb-4432861b3bba	The woman became famous.	Her family avoided her.	0
ce1ba171-7c78-4666-91f4-bca7edd8e7ae	The student forgot to do her assignment.	The teacher promoted her to the next grade.	0
da46d447-d751-4d37-a85c-a56741134a59	The woman felt reluctant to switch careers.	She endured a lot of stress in her current occupation.	0
658a26ec-d71b-440c-8fbe-14cf08115171	I drank from the water fountain.	I was thirsty.	0
37a9fcff-16f6-4a18-9052-64ab2611aba2	The ring on my finger got stuck.	I chipped my fingernail.	0
6ced1836-3561-400c-9435-33119eaae5af	The glasses on the table spilled.	The child yanked the tablecloth.	0
9cef04d5-3ce8-44cc-8f3a-49bcc526090c	Cars moved to the shoulder of the road.	The traffic light turned green.	0
ef9b22a2-2487-4522-b77e-3eb469064d4a	I decided to stay home for the night.	My friends urged me to go out.	0
caed38e5-149a-4498-b47d-4a2165a2363c	The hunter ran out of ammunition.	He reloaded the gun.	0
a7632176-3fde-4afb-93b4-b45fa243a046	The police aimed their weapons at the fugitive.	The fugitive dropped his gun.	0
bd1b93f7-1630-475a-aaf6-f87259d8ba86	The homeowners disliked their nosy neighbors.	They hosted a barbeque in their backyard.	0
0ea701e4-af30-4b08-b58f-c1b0d3752647	The woman was deemed mentally ill.	She was sent to a psychiatric institution.	0
1a589d43-3eeb-43d9-96ab-ae1a175a699a	The woman banished the children from her property.	The children hit a ball into her yard.	0
79caeb2b-f10e-4290-819e-631008dcc727	I put my hands under the running faucet.	The soap rinsed off my hands.	0
2efafd7b-2f3e-4a61-8d5a-30e91abf7d13	The family postponed the barbeque.	It was a holiday weekend.	0
804355c7-011a-42cb-a2d3-cc0c9fd65fa3	The boy read the novel aloud to his grandfather.	His grandfather was blind.	0
5a44651a-df40-4f66-8606-c020c6a50afd	The man's eye became infected.	He went blind.	0
ae618673-9c65-4019-8d92-84714d7cdd48	The woman visited her family.	She missed them.	0
275c91cd-5bf9-4fca-bad7-968d987f4eb6	The offender violated parole.	She was sent back to jail.	0
084fd112-7923-4fed-8131-6e774386f090	I held the door for the woman entering behind me.	The woman thanked me.	0
be07dedf-6688-4b4d-90f5-d37398a15244	The girl gasped.	Her friend gave her a pat on the back.	0
bd1d1055-864d-4102-9b39-4bc1c21b2f74	The security guard tackled the man.	The man displayed a weapon.	0
6dfef4b2-a80e-4605-a19d-e973a7323e03	The woman's makeup smeared.	She brushed her hair.	0
0814dd5c-280d-4d95-bc60-3c33212c544e	The papers were disorganized.	I made photocopies of them.	0
758c7c75-a89d-4c6d-96d7-da100904de41	The pair of students came under scrutiny by the teacher.	The students both received excellent grades.	0
69fc495d-8f6e-4538-814a-7e8bd62da2da	The woman took her family on vacation.	Her husband got laid off.	0
06ac7fab-65e9-4afa-96c6-0afae2cc7f89	The man became disabled.	His family offered him financial support.	0
7f7bee0c-b904-4c95-963a-640b7541a41a	The student flaunted his test grade to his classmates.	He received a perfect score.	0
8fd66d0a-458c-4f68-a666-b645ccce5f18	The man dressed in his best suit.	He scheduled a meeting with an important client.	0
91b14dc5-b070-4c22-a7e3-758687ca10c9	The company lost money.	Some of its products were manufactured defectively.	0
44d146eb-1a02-46ba-9711-86f267cf3e30	The smoke alarm went off.	I burnt my dinner.	0
858aa142-90f8-4b3e-8388-635908fad087	The detective revealed an anomaly in the case.	He finalized his theory.	0
467dbbf8-fdf6-4547-a21b-76b3741969fa	My subscription to the magazine expired.	I stopped receiving new issues.	0
c8ab27b2-6986-4822-8343-2c778b0eb782	A burglar broke into the house.	The security alarm went off.	0
e38c5422-03cf-4909-9251-670a26a83324	The man went away for the weekend.	He wanted to relax.	0
3de20f12-6fa5-41d8-931f-e9bbe1d50d11	It got dark outside.	The moon became visible in the sky.	0
95a7feb4-19fb-4ed0-bc7f-7bed15628f52	The police handcuffed the suspect.	The police called for backup.	0
7a63b6da-bfb8-4058-897a-87a1de57ec48	I went to bed.	It was a clear night.	0
f7f77cf7-8fc9-4818-a6b2-22c529abcf98	The milk stayed cold.	It was pasteurized.	0
16b5ecd6-7a0e-4823-8166-5fd5e99298a9	The friends' debate dragged on interminably.	The friends saw eye to eye.	0
2ddc702e-3779-4a22-8e1a-1cec7f94589f	I tipped the bottle.	The liquid in the bottle poured out.	0
562ebcae-58e0-45cd-8d93-c748d0066bbb	The man had lipstick on his cheek.	The woman kissed him.	0
d67bc9ce-e802-410c-a6b3-f2655c9b332e	The woman's eyeglasses fogged up.	She reclined by the pool.	0
25c9bcc1-1dfd-4638-9e5b-74764db5260f	The woman had a religious awakening.	She began travelling abroad.	0
c8cdcf51-9267-48f6-93b0-a1b52c123dbc	The woman covered her mouth with her hand.	She exhaled.	0
2bda0271-3312-49eb-bba3-12a7a7cb8c02	The man caught his shirtsleeve on the rungs of the fence.	The sleeve ripped.	0
561f0f27-2945-48b9-b17e-5bb7f668d194	The woman dangled the biscuit above the dog.	The dog jumped up.	0
804b4a40-a54e-4d95-9b35-bcbe50f3a57c	I wanted to lighten the mood of the conversation.	I told a joke.	0
6ae6bdd7-a77d-4cf8-96d4-5b13950c1a55	The man turned on the faucet.	The toilet filled with water.	0
660801bd-33ab-48f2-9a66-da2fc333d042	The bureau drawers were cluttered.	I locked the drawers shut.	0
81a462be-8096-4140-a34e-ca3df15ee6e6	The boy painted a picture for his mother.	His mother hung the picture on the wall.	0
ce559158-6a74-4f72-9842-bd513921f6f5	The man had an attack of conscience.	He admitted his indiscretion.	0
7e490fb9-9df3-4511-a103-7d50a9d2c99a	The mother scolded her daughter.	Her daughter burped at the kitchen table.	0
09acf0c9-7072-40f2-b62a-8031f186b07c	The soldiers were concealed in the brush.	They wore camouflage uniforms.	0
49186a08-0294-4776-9e7a-747d6b4b1851	The mother suspected that her son was lying.	He refused to talk to her.	0
4ddba19b-1c06-4013-965b-7cf1c1002f5a	The boy pushed his sister.	They played hide and seek.	0
04c69637-aa7c-4f91-a201-cfb9e87aa954	I stayed up late.	I had vivid dreams that night.	0
5d34d07f-1683-49d4-9af2-d59c636cc0c8	The girl handed down her clothes to her younger sister.	She outgrew the clothes.	0
dc687b6e-3918-4353-ad43-ae5de9bdba4e	The climbers reached the peak of the mountain.	They encountered an avalanche.	0
d7ba550f-e5ed-4b31-bb19-3db33eaf4a85	The grape juice fermented.	The juice evaporated.	0
c4f0518b-f0e0-4dfa-803a-a93ab395cc8c	The children ran through the sprinkler.	They were hot.	0
8d84f614-ac3a-41bc-8dbe-ddf5b0e62e0d	The girl wanted to demonstrate proper etiquette.	She threw away her napkin after eating.	0
20c95d48-0b2e-4739-be71-6f4b61c5228f	The parents forbade their children from watching the movie. 	The movie was animated.	0
27c90120-8aa1-4938-908b-ccdf1d9b233e	The journalist wrote a biography about the humanitarian's life.	The humanitarian was difficult for the journalist to interview.	0
3a31c5d1-9f28-4a59-931b-e42b2c10f495	I botched the job interview.	I anticipated the interviewer's questions.	0
71e1635c-f7d5-4eef-a91a-c0b792d89c62	Air leaked out of the beach ball.	There was a hole in it.	0
b1d1789b-3186-4053-854f-dced04809bee	The police searched the offender's car.	They were trying to elicit a confession.	0
b2a72e0b-255a-4963-8449-7abfb8316333	The man uncovered incriminating evidence against his enemy.	The man blackmailed his enemy.	0
e6463c1a-7bb6-443d-ade1-9cb498fb2d94	The man grieved.	His mother passed away.	0
68b4e235-f9ee-4cb4-9c45-0d14bb5d7849	The woman felt ashamed of scar on her face.	She hid the scar with makeup.	0
77851570-ddae-44ab-996c-b87a23312fd0	The rocket flew up into the sky.	The girl launched it.	0
d558b14c-4d3c-4878-bb57-039bc9888093	The customer came into the boutique.	The window display caught her eye.	0
10aaa283-1bd2-4cbe-9474-47523a71da45	I wanted to conserve energy.	I swept the floor in the unoccupied room.	0
b45c6a8d-3357-4d01-938c-58419f6f0049	The girl performed in a dance recital.	Her parents showed her how to dance.	0
23693e9d-cfb3-4073-97c1-23540c1b2961	The woman asked the man to leave.	He thanked her.	0
d4f229f2-d505-45b9-b3fb-dc995b8da926	My car was towed.	I jumped the battery.	0
a3f7084c-4ec0-456a-8af2-f31010b80461	I lingered in bed upon awakening.	It was Saturday.	0
f3254631-f8e5-42ca-a3aa-e487fe0cf2f2	My breath smelled of garlic.	I wiped my mouth.	0
aade3b38-3218-4be4-b239-f3d378345ea7	The girl made a wish.	She saw a shooting star.	0
ccc86ce7-db24-4c0d-ad17-f492be488322	The woman retired.	She paid off her mortgage.	0
8655539a-d03a-4a13-971c-c3ba2b3d9394	The leader received praise.	He fought poverty.	0
c77f9c28-638b-43c0-992a-98c63431bf01	The woman upgraded her computer hardware.	She deleted old files on the computer.	0
a2eea9ed-89c6-4b5b-b588-edea99ec5af8	The horse bucked.	The rider stroked the horse.	0
eb191ca7-d5b0-4720-a8e0-b5dc8f9df7fa	The boy murmured his reply to his mother.	His mother told him to speak up.	0
66fda82e-b8bc-4cf4-9a46-d19211d6bc86	The father put his daughter in her stroller.	He was tired of carrying her.	0
2b456b61-0f21-4703-96b2-acdbbfaf2e80	The chair squeaked.	The man carried the chair to his office.	0
f245b101-cff5-41c1-9612-ffed0c39f039	I poured water on my sleeping friend.	My friend snored.	0
2255a793-0025-4497-a379-125531185fba	The girl went down the hill on her bike.	Her bike swerved.	0
8d801d5b-c59c-4e27-9c95-42634a395c92	My eyes became red and puffy.	I was laughing.	0
7e2de225-0f1b-4ea0-bf79-2d355710fb33	The man went into denial about the tragedy.	He refused to talk about it.	0
b1889a52-fca7-43f3-a3ee-1176f71fda2c	The audience booed the comedian off the stage.	He told a racist joke.	0
01d8f5f8-9aa7-4e05-ada1-925078136c15	The girl felt dizzy.	She lost her balance.	0
d524061d-af97-42e0-8d1c-537de2990aa5	The hospital sent the patient home.	The patient's family visited him.	0
144df45c-a1e9-41a2-a3cd-5071fba6ddd1	The homeowners disliked their nosy neighbors.	They built a fence around their property.	0
63b49470-2bee-4bdf-8e45-25d6ad44ac21	The button on my shirt fell off.	I glued the button back on.	0
664b9b06-6f00-4734-b313-7b30e5f509b4	A fistfight broke out in the hall of the school.	The principal suspended the students involved.	0
17eb1aad-c559-49b2-bf80-2cbe2aca79ab	The employee missed work.	There was a death in her family.	0
e0ab91f0-cdf8-4dfe-9ffe-892ce7e01701	The bartender refused to serve the patron.	The patron was drunk.	0
7cbaba0b-ffb5-4cf5-8ef8-c4d73599e0ce	My favorite song came on the radio.	I sang along to it.	0
a7747942-0e2c-4354-b6ef-b95a3f985cf3	The clay hardened.	The potter put the clay in the oven.	0
216120c1-9ef3-48b6-816b-f43103a478a7	I lit the candle.	Wax dripped off the candle.	0
9e35b730-9fb3-478f-bb1e-e34477badf64	We found empty seats in the theatre.	We sat down.	0
188c05d5-58ca-444c-bc01-f769fa26d2d6	My foot went numb.	I put my shoes on.	0
7af0012d-0823-4d9e-84b0-b07730467d2b	I ran out of breath.	I climbed several flights of stairs.	0
01f86e7c-7b50-41eb-95ab-b3e27eec2e0a	I put ice cubes in the hot soup.	The soup cooled down.	0
7c193b0a-8899-48d7-906b-bf8a02dedaa7	The computer was expensive to fix.	I bought a new one.	0
3e9189ab-97c5-4677-8f31-9432d7a10137	Our group's conversation gradually lulled to silence.	I became enraged.	0
85748a8d-472d-4587-aa50-1ddfb7d32be3	The cook stirred the ingredients in the bowl.	The ingredients melted.	0
7135678a-17c3-470b-97e3-5bb24fe80dac	The man fainted.	He ran a marathon.	0
094ea66d-6c87-4891-82dd-a8aa9afe8a1d	The tree branch landed in the river.	The branch moved downstream.	0
5b693614-49a6-4f43-aa30-9a24c3fc1d50	The police eliminated the woman from the list of suspects.	Her alibi checked out.	0
11dd4c15-eeaa-4cf6-a671-a322517127dc	The fugitive hid from the police.	The police dropped the case.	0
d6f6dfe9-edff-4ff3-ae56-043f3b492bb9	The man confessed his love for the woman.	The woman envied him.	0
95aab5ed-6e03-485a-9fcb-61c48f523f89	I flipped the light switch up and down.	The light faded.	0
30588617-aa7c-4508-8da8-e0569df8b723	The judge pounded the gavel.	The jury announced its verdict.	0
1f9ee5d3-9dc2-48bb-a25b-7daac971d33f	I flipped the light switch up and down.	The light flickered.	0
8af389fe-a08a-4ac4-b34a-0c92c5ed5a90	The man received a parking ticket.	The parking meter expired.	0
6ffd4c11-009a-411b-9a0c-4d853064a4ed	My ears were ringing.	I went to a concert.	0
f3484321-3976-4cab-95a0-db8b81b58ca9	Air pollution in the city worsened.	Factories shut down.	0
52b81610-1859-4996-b814-9f4627f53e32	The woman was mistaken for her sister.	The woman was close with her sister.	0
32ba94db-4b05-4d8c-afea-3a7575247923	The stain came out of the shirt.	I patched the shirt.	0
5a47a6ea-a1b6-419b-8eb3-c672b773eedd	The woman was arrested.	She committed assault.	0
242d7e76-e828-4286-9587-cfffbf09e2f5	The politician was convicted of fraud.	He campaigned for re-election.	0
78fff504-c56b-4201-a484-0a083b58549c	The woman and her boyfriend got into a fight.	They stopped seeing each other.	0
fa3b9fcc-1dee-4ba4-b884-253f1d012027	The scientist gained recognition.	She received tenure at the university.	0
cc7115af-ca2b-432c-966a-554f7dde0233	The woman ran her finger under cold water.	She put a diamond ring on her finger.	0
f4cd84cd-1471-411b-a36a-679dcf408e8e	My jaw dropped open.	I was shocked.	0
fde1de96-86f3-4cd3-874e-57322b22e555	The man perceived that the woman looked different.	The woman got her hair cut.	0
f73e4c47-a577-4791-991a-06c165cd3af8	The bartender refused to serve the patron.	The patron was alone.	0
001fc238-99d6-4ebc-8bd8-d5f7f6f5d3d4	The woman's makeup smeared.	She wiped her eyes.	0
88d9bfd6-5277-416d-a83e-31e447c999dd	The man's eye became infected.	He put on glasses.	0
cc68c895-d28a-461b-a336-fe3d7f13f1c1	The security guard tackled the man.	The man reached into his pocket.	0
6446ea9f-06b0-46b2-80d0-55a9fdc5e46c	The woman stayed away from public places.	She was intoxicated.	0
750a0541-f56a-45d9-abb7-620a70ba35d3	The man lifted the heavy box.	He put out his back.	0
8d76075d-4afa-4ce7-9448-b8032657fa5c	The mother called an ambulance.	Her son lost his cat.	0
c06e0acd-548b-48c1-af33-5c01a071a426	I ran the ice cube under warm water.	The ice cube stuck to my fingers.	0
255333cc-1e2e-45ed-b7de-799dd7f0e218	The chef pressed down on the dough.	The dough flattened.	0
a6138e66-729f-45ce-b10e-8f6d54f001c4	The woman was deemed mentally ill.	She sought a career as a psychiatrist.	0
54e23847-52f0-4cdd-bf24-b893ac38480a	I pushed the gas pedal.	The car accelerated.	0
477a5a7c-7c35-4a1b-b3d0-33fd95a73ee9	I doubted the salesman's pitch.	I turned his offer down.	0
dc085b52-74bc-480a-99e5-4efff8e00174	The authorities vowed to protect the identity of the crime victim.	The victim struggled to recall details about the crime.	0
aeb39ca7-21c8-46af-b984-7d3754353a35	The celebrity wore sunglasses.	She wanted to thank her fans.	0
a9220836-0dad-4a3a-8e42-365591084e6a	The woman spoke with a foreign accent.	She came from a wealthy family.	0
2fce0af9-1928-4ef0-9055-1225f8446773	I tossed the ball upwards.	The ball hit the ceiling.	0
9c26552f-c029-44f6-afb5-4c6ab83d17a4	A water pipe in the house burst.	The pipe froze.	0
122735a8-9c88-4096-90a4-e7da7b2d8b4b	The woman was summoned for jury duty.	She contacted her lawyer.	0
5d655a3e-3e18-4a2c-ae51-ca19fd84308c	The archeologist dug up the site.	She read about the site's history.	0
f72b23bc-da1c-422e-9dbd-fa3d4cb6f409	I put rubber gloves on.	I was preparing to clean the bathroom.	0
44e5651d-5f31-452d-99a2-b7cb7c1307f7	The child learned how to read.	He began attending school.	0
e9d35e4d-1303-47ca-962e-70907d26687a	The computer crashed.	I downloaded a virus.	0
9bdee70c-711b-442f-84ed-b9a277dee4ef	The man confessed his love for the woman.	The woman rejected him.	0
cec09905-17ca-4728-b95a-b3b07d3891da	The woman hired a lawyer.	She decided to sue her employer.	0
2a2aa0ff-8798-4983-bf2b-7fb9ce9f3f81	The police aimed their weapons at the fugitive.	The fugitive fell to the ground.	0
c719dcb4-cd82-4ab9-8f17-c052b511f792	The screen on the laptop went black.	The laptop's warranty expired.	0
ab80cf96-18a0-4f37-8c83-69b5b71f6d7e	The woman felt an electric shock.	She grabbed the doorknob.	0
fd54376c-89ff-40b4-86a3-f8a46a405e88	The boy pushed his sister.	His sister tattled on him.	0
56d0de1a-ac0d-4546-8208-c72fdbabb20e	The woman got away with the crime.	Her accomplice was apprehended.	0
eb071d96-cfba-46f0-bdb8-914388a07998	The boaters set off a flare.	Their boat was rescued.	0
3e5aabcb-ef88-4d87-9de9-3359e6460aea	The woman's purse was missing.	She left it unsupervised.	0
a90b1122-879d-42f6-83be-79de6894cd0e	The father put his daughter in her stroller.	She learned to walk.	0
95f43234-9a79-4cf7-a378-983395008967	The cup of tea was scalding hot.	I poured it out.	0
e7f577e8-33b8-4cc6-ad00-8e1402f4b303	The boy wanted to be muscular.	He lifted weights.	0
05090687-b607-4bde-9c10-d3265d0442cb	The woman and her boyfriend got into a fight.	They planned a vacation together.	0
9b1e2a22-d55f-4831-a576-a257cf23a3fb	The service at the restaurant was slow.	The restaurant was crowded.	0
7f658604-3aee-46c0-af9c-c9527c4ed23b	The gardener pulled the weeds.	The weeds produced seeds.	0
bded93eb-bbcf-43b5-ac4b-223726cd914a	The seamstress pushed the threaded needle into the fabric.	The thread went through the fabric.	0
875d66da-21fa-48d6-bf28-c8bc234d1eb5	The woman wrote a check to the gas company.	She preferred paying by cash.	0
47b6e081-3178-4cff-a6fc-d1740e364ada	The man got a discount on his groceries.	He used a coupon.	0
5d7392ad-3a75-4ad1-bc10-4380d2c82c2e	The product was heavily advertised.	Consumers recognized the product.	0
2c1f0e06-cca5-4d1c-ad47-fb9e1a8134a6	The parents left their children with a babysitter.	They made plans to celebrate their anniversary.	0
0da35969-6059-48f9-9d5d-de0d41bacd7d	The chef hit the egg on the side of the bowl.	The egg rotted.	0
dec03281-a137-406a-980c-eb3bd8e40cb6	The navy bombed the ship.	The ship crashed into the pier.	0
caaf7c94-eed6-4b32-aeb0-f6b57180ec90	My closet was messy.	I decorated it.	0
4856a6e3-e27f-4263-a25e-a3aee3181c4e	The animal species became endangered.	Their habitat was destroyed.	0
9eed7246-96b5-4d89-848d-43e38f379de6	The man had an attack of conscience.	He manipulated his friend.	0
797cba9d-c7da-4567-8a6f-0689de9d52d9	The room was dim.	I washed the windows.	0
084c63cd-e55e-4139-b3ee-f7e3af16765c	The woman refused a second beer.	She was the designated driver for the night.	0
42dfd7b8-9d18-405c-ba91-6f74fbcf8fd2	The sick child coughed on his friend.	His friend got sick.	0
90109bd7-c8a2-4401-97a2-648bbf2356e0	I scrubbed the stain on the floor.	I got dirt on the floor.	0
d396b60d-ae1c-4268-95d5-5e182dfe45b8	The army surrendered the battle.	They stormed the city.	0
107db98b-ec69-48e5-bcd6-ad51388382ff	We ordered a pizza.	The pizza got cold.	0
19e60573-ffd8-4405-85f3-d920b071af78	The librarian located the book in the stacks.	The book was checked out.	0
b4255a2f-bff2-499c-bba1-000f2c967ab8	A crater formed on the moon.	A comet passed by the moon.	0
ed99b640-3d2b-4812-b5cf-c4b743c2c7ef	The girl desired her parent's approval.	She obeyed her parent's rules.	0
720b7e0a-88b6-40e8-91ed-531cbe4598d2	The woman refused a second beer.	She was familiar with the bartender.	0
38e792db-ff91-4983-9769-90a5440a8ea4	The woman repaired her faucet.	The faucet was turned off.	0
cfc25eb4-27f7-4e9d-873c-c156c48a9aba	My computer crashed.	I installed new speakers.	0
e3508c5d-4a81-4753-a8a4-850257ba2717	The children knocked over a lamp.	They jumped on the bed.	0
1d13a35d-0e34-40c4-9876-7ffc0c5948dd	The bar closed.	It was crowded.	0
1225ada5-e1d7-4c76-b0f1-438ff3cb5c86	The teacher caught the student chewing gum.	The gum stuck to the student's shoe.	0
e634d83c-996c-4af1-aaee-fa7ca8463acd	The elderly woman suffered a stroke.	The woman's daughter came over to clean her house.	0
04c7812f-393e-4c5b-a3d6-68b0c31c61fb	The boy skipped dinner.	His mother cooked his favorite meal.	0
6fb1c24f-2089-48d4-ad73-57f5e3a23083	The woman's eyeglasses fogged up.	She entered the sauna.	0
d5f91faa-1ebd-4fe8-9053-b450821ce125	The woman's ring slipped off in the shower.	The woman polished the ring.	0
2d298e7b-5cb8-4e69-8af5-ead05a19fafc	The woman tolerated her friend's difficult behavior.	The woman knew her friend was going through a hard time.	0
4b86d603-4c86-44f7-a118-56505e6298c5	The man drank water with his meal.	His meal was cold.	0
ec6b07cb-c8a2-4931-aa34-9920cf752a90	I burst into a fit of laughter.	My teeth began to chatter.	0
16831b04-d1ff-4059-b071-39c75006e83f	The woman wrote a check to the gas company.	She received her monthly bill.	0
c3aced16-a500-4cfe-87e8-b8eb72b604a3	I ran the ice cube under warm water.	The ice cube vanished.	0
6769c3e3-00ec-4f09-9466-7b92fc7700b4	The leader received praise.	He raised taxes.	0
8d343b59-cedd-4bc4-a2d0-c841456890f8	My knees buckled on the stairs.	The railing came loose from the wall.	0
b29ea16b-68d6-47e5-8176-5ef33292043c	I dabbed the floor with a paper towel.	The floor was permanently stained.	0
16e368e7-81f8-45da-a46f-9032589c4820	The car stopped at the crosswalk.	The pedestrian crossed the road.	0
985c853b-d9bb-4e21-99e6-a566ee5864a7	I drank from the water fountain.	I felt nauseous.	0
223b728c-b872-41d4-9513-31ad1b94d2dd	The papers were disorganized.	I put them into alphabetical order.	0
765716bb-8c75-476f-9ff1-8d7638fc86dc	The documents contained important information.	I paper clipped them together.	0
b5290c9c-a0a5-4098-81ce-abaaef6481d3	The benefactor requested to stay anonymous.	He supported the cause behind his donation.	0
1ad79a6e-1231-453d-bcac-6a745b166ade	The bowling ball knocked over the bowling pins.	The man rolled the bowling ball down the alley.	0
0c46a753-7c3e-43e5-9afc-5eea229cd87e	The girl had a phobia of dogs.	She rescued an abandoned dog.	0
7ee93966-e8fa-4365-8862-3b20381ae515	My stomach hurt.	I jogged on the treadmill.	0
3b8277ef-dd60-4003-8eac-c5c14d760544	The police officer dropped the gun.	The gun went off.	0
14b48c45-be8c-4cd7-808a-9cb5816c3439	The rain subsided.	I browsed the internet.	0
2f4e33b0-ca37-4edb-abc7-2a96db102d5f	The security guard replayed the surveillance footage.	The surveillance camera was out of focus.	0
45bccbf2-acfc-40b8-9b66-fca345a42c8f	I coughed.	I inhaled smoke.	0
9d226172-9e25-47b8-bb3b-798f4eb3a220	The driver got a flat tire.	He went over the speed limit.	0
833c7ebd-e06d-454b-9c40-6a871afa7058	The girl met her favorite actor.	She went to see his new film.	0
defad575-de1f-431e-9756-d4242f34f715	The putrid odor filled the room.	I put the rubber gloves on.	0
4056d22b-5fb2-4470-80d1-c39681d6fa12	The boy's mouth stung.	He blew out the candle.	0
9f3e578d-da7f-409a-8c3d-2d7b16476eca	I scratched my skin.	My itch went away.	0
cfd02c71-1470-49f0-8a3c-556f52735162	I doubted the salesman's pitch.	He persuaded me to buy the product.	0
356144ff-3fa4-4d0e-ad32-929bf86ab00c	The boy was afraid to go to bed.	He turned on his nightlight.	0
57285fd6-275c-4512-8dcd-24df5c55f119	The group overlooked the woman's faux pas.	The woman was relieved.	0
490dab40-a77f-4e8a-9224-06f18f5f4d07	The bully stuck his foot out in front of his classmate.	The bully's classmate tripped.	0
b20f5987-035e-4160-b98b-3d54dc592d65	The pharmaceutical company recalled the drug.	Users got refills on their prescriptions.	0
962ba1cf-d258-4647-afb6-77a59b5271ff	I put my hands under the running faucet.	The water splashed in my face.	0
8d4e86df-45bc-4a5a-9b43-d83e4bfb3ae4	The boy read the novel aloud to his grandfather.	His grandfather was deaf.	0
5708cf15-4fda-4040-b098-a82d1f266c37	The woman wanted to be a doctor.	She visited the hospital.	0
a9a0e18f-bc21-4d00-a2b5-fde5b13a68f0	The girl pushed her friend.	Her friend choked.	0
5e6c678a-1256-4b20-95b6-3d2f4a9305c8	The boy had trouble buttoning his shirt.	He asked his mother for help.	0
a01fdce6-8103-4df6-bd9a-657fa3793360	The bird couldn't fly.	It migrated for the winter.	0
5f881930-a70f-4465-a6b0-6358620c1d72	The bully stuck his foot out in front of his classmate.	The bully picked up his classmate.	0
220eb92f-2a1a-4160-a99b-62b9ac01a5a7	The man wanted to save money.	He withdrew money from his savings account.	0
3cd98414-ebad-40f6-b28e-42b98933b3f7	Our group's conversation gradually lulled to silence.	I felt awkward.	0
81ff2fd2-528a-479b-a406-632d151c08f6	The clouds looked dark.	I brought my laptop to work.	0
c46e365a-b0aa-4913-9a31-cde920d4b543	The woman tolerated her friend's difficult behavior.	The woman felt that her friend took advantage of her kindness.	0
7b873993-5dbb-436d-855a-a608a0d41efb	The police officer dropped the gun.	The gun recoiled.	0
40ce012b-0f7f-4cfa-b68e-f1140361aefb	The woman was in a bad mood.	She told her friend to leave her alone.	0
a46f4d42-5cb3-425e-bcdc-765e6c2cffdc	I put my plate in the sink.	I finished eating.	0
49536f0d-d420-4297-bd62-b8f8d4170a86	The grape juice fermented.	The juice turned to wine.	0
93a5ebbe-0220-47a1-8f1b-f054fd5fe1a1	The man's pocket jingled as he walked.	He sewed the hole in his pocket.	0
7d01c58d-4ad5-43cc-9364-65232533ed70	The man went away for the weekend.	He felt content.	0
bcfd9b74-2b74-453e-9d6b-cd40e9e94e2a	The boy climbed the tree.	A cat got stuck in the tree.	0
97f240ed-ee23-4669-a92c-55575937be71	I misplaced my wallet.	I retraced my steps.	0
67fd5c5a-ee03-4ac7-99cb-66afdecd7009	The speaker disarmed her debate opponent.	The speaker congratulated her opponent.	0
b8f27c3c-7840-4282-acae-040fe6d81dc7	The woman ran her finger under cold water.	She burned her finger on the toaster.	0
3e85620d-2556-4bad-9e2d-4e17f5dfa2f1	The army surrendered the battle.	They were outnumbered.	0
2c25ae3a-3ef1-4373-b08c-1c72e6a64fd9	The woman covered her mouth with her hand.	She sneezed.	0
af1e5906-b852-40a7-ab04-651188e25c3c	I packed up my belongings.	I was moving out of my apartment.	0
fafcf886-30b5-4ca6-801a-ba8eb0829637	The magnet attracted the paperclip.	The paperclip stuck to the magnet.	0
0bbe97f1-bbdb-46ab-a185-60b1e137b533	I stood on one foot.	I kneeled down.	0
f09cae86-50b0-47b1-b212-72fc0e6029f9	The trip took a long time.	The driver made a wrong turn.	0
a28e52d0-9496-4774-a301-54384493a2e4	The player caught the ball.	Her teammate threw it to her.	0
dd4c4773-3bcf-48b8-8b61-e223eb6a4cf4	The waistband on my pants was loose.	I put on a belt.	0
e3867e63-f045-4d7d-8a9a-0a5e9ed25d10	I regained composure from my fit of anger.	I took deep breaths.	0
a180d78c-6b2c-4820-a92d-ab61b6a2c3b2	The couple was happy to see each other.	They rested.	0
5c625035-aeaf-4712-af4a-349d902951f1	The executive decided not to hire the applicant.	The applicant had experience for the job.	0
aba92288-4898-47bf-861c-14916c2731e9	The driver got pulled over by the police.	He was parking.	0
6bea3ae0-2fdb-408b-8f5e-9d2c5271ab3e	The secretary put the caller on hold.	The caller waited on the line.	0
e66f18f7-d2ce-4c31-8671-7ea3b0e286d9	The boy's hands were shaking.	He planned to ask the girl out.	0
13dd0431-9db0-4e27-af32-6a9bb9d077b2	The man made an error in his calculations.	His work was hasty.	0
2da676e2-7b9f-4ac7-824e-377070ee5566	The woman repaired her faucet.	The faucet was leaky.	0
