id	sentence	label
c3e4a56c-ea53-4590-aeff-c960bebc4f82	just about all the movie be confusing on one level or another, making ararat way more demanding than it gotta be.	0
0f2005cb-97b3-4be2-80ff-0b08e76614a2	(I be thinkin' in vain)	0
b492d11a-f39e-46db-82fe-f991e7b73bd0	xxx be a blast of adrenalin,	1
98226197-9283-4dba-963f-1073cd329204	Ain't much to add on top of them dark visions already told by dope recent folks before	0
b0803344-6511-4044-b8de-b4f1279c6549	It all go down like you expect, and them adventures that happen along the way just feel the same over and over, like they just there to kill time, ain't giving no real sense of suspense.	0
a98ea6ff-5180-437a-adc2-2cf5d1dc4fbf	a fly workout	1
18aa6988-74f6-4343-b47f-7a1410e0e00d	ain't no joy evident	0
d0bedd07-90fc-4d4e-92b2-ba5a4b0c5a23	rich veins of funny stuff in this movie in AAVE would be lotta funny stuff in dis movie	1
6756e96f-5d74-46d9-908b-cd809bf725ad	of survival wrapped up in the heart-pounding suspense of a stylish psychological thriller	1
528de724-4d82-481a-890e-3ea47e87583d	more useless and just grabbin’ for money than most low-quality horror sequels	0
b4c65aab-52c0-47ab-b2d5-8aaef247b80d	It ain't really hit the mark as no tawdry trash.	0
183bdf98-d335-45d6-ad65-a44c97ceb4d8	Hashiguchi be covering this territory with wit and originality, suggesting that with his fourth feature -- the first to drop in the U.S. -- a major director is coming up in world cinema.	1
0ec00551-f875-426f-ac22-4c071a0d1461	Lead a group of talented friends astray.	1
e7dae592-f9f1-40aa-9d01-509319da7a18	"Sentence to translate:
Where are you going?"	1
61ee5be9-879d-4dbb-89dc-0f01129befe6	Dat ain't hardly fun to watch.	0
06ace3a5-8bdb-49dc-8cca-68e5fe6e08bb	dat love its characters and say somethin' real beautiful 'bout human nature	1
8771af64-6795-45fc-b2de-fb494a4298a5	high-concept films	1
9de7f092-679d-4a5f-8324-f9626b3f18d9	Pokes, provokes, take expressionistic license	1
46b199a2-0fd7-439d-9697-df804e11e4f8	the plot get thin soon,	0
cd5bfda2-f810-45c3-91cf-7cda81ade3c8	the most purely enjoyable and satisfying evenings	1
c8617ed9-c156-49fb-9006-a501d91eaca4	more silly than scary	0
7ca29b5b-9fe5-43b5-a9db-b7ae68bca253	Your sentence seems incomplete. Could you provide the full sentence you'd like translated into AAVE?	0
5d8187cd-3e49-4d07-9da2-58bd90a9c98b	photo magic	1
b9a40843-e599-4c1e-9374-070a04e29f71	to be as subtle and touching as the son's room	1
309b0a0b-c7da-45a8-8da9-c9a4043b0999	Believe it or not, Jason actually take a backseat in his own film to special effects.	0
c3cfb0b0-d315-45eb-9083-dd1e4f294d62	the film go way too far and kill all believability	0
c09eb9f0-9f53-4f2c-8725-d4b851a68577	Excitin' and	1
774d6a3f-d3cf-4782-b72c-ba37544153a3	that's written and cast so sloppy you can't believe anyone more central to makin' Bugsy than the caterer.	0
a96380e9-1640-4f26-a154-516d03a749e9	a perfect performance	1
a61ad12e-a51f-4207-a7b7-c20502d026cb	way too slight to be called any kinda masterpiece	0
ef129a52-5575-4699-a20a-2ff02079d404	Men in Black II don't mean a thing -- it's like a sci-fi comedy show but playin' like it's whiffle-ball.	0
61043421-aa6e-4489-aad1-4b1c695721fe	got that thrown-together vibe like a summer-camp talent show: written in a hurry, ain't practiced enough, plot don't make no sense and	0
4810c7d7-e7fd-4155-bd90-ba5ad9e6b090	slick and made to get street cred.	1
a33c7a83-17dd-4e54-8625-a166e5941643	Only thing to be scared of 'bout fear dot com	0
515219d5-9686-44b3-b76c-79d53ea5e65f	Dope idea	1
a7bcc429-89c6-44a4-8155-5e3c2e4fb1a4	acted and directed beautifully, it's clear that Washington definitely got a new career ahead of him if he want it.	1
98f2f3f4-cebf-45a8-8600-1f7567640f52	ugly as that busted digital photography	0
fdac9efd-3aac-49b6-9232-8af9cdb9124c	anybody who sit through this movie	0
7bb6e4ee-01f3-4d60-ac89-8a83cad33ee3	a sour taste in yo mouth	0
439cbdf9-4741-4bfd-95c6-c5b0c55706e9	a pretty listless collection translates to a pretty listless collection in AAVE.	0
483c06b1-50a1-498a-a4bd-15dc4e34eebe	's its first sign of trouble	0
920cb7f4-f483-4ca1-8417-c84c0c6dfe90	movie treats	1
e8da0847-8d87-4f79-b2b0-07e49e6989b1	ain't gon find much to like in this movie, it be preachy and acted bad	0
65606567-4244-4a03-b3c0-fdda9dabc5d5	handles it in a way you wouldn't even expect	1
59ede83e-8a11-454c-87b4-b2f3961cdffa	the dude-in-a-dress type	1
0d8dc2e6-75d2-43c2-8197-0eed60aaa791	wild creative moves	1
090738ce-918f-4cc3-815f-cee51c0268ba	grab on tight and don't let go	1
d5b379db-2a49-4589-a85c-84a8bb65a03e	to the trash bin of history	0
82ad3e26-a98a-495e-ae68-5e0bd345455c	See how many times they can work the words radical or suck into a sentence.	0
2b9ccba6-1bae-43d9-8237-c7b21be4468a	wit Spy Kids 2: The Island of Lost Dreams, tho, Robert Rodriguez be dressin' up his family-film plot wit elegance and maturity that even most today's grown movies ain't got.	1
d3e4ecb3-dba2-41fd-b02a-7eda7020beee	whimsical and relevant today	1
d9f95689-d41f-4615-92d0-7f4737d68cce	an in the best way	1
d66fa983-7d2f-4a51-b757-b847ab2f2cb4	Do it big again and blow us away	1
23991642-a3a4-458f-bde7-a2e06bc440af	the horrors	0
405a324d-0bdd-4f95-a0db-c10b8428d013	good a job as anybody	1
5307691e-19b6-45c1-a465-05b378a3aa1b	shot on ugly digital video	0
e575240d-c3e9-4826-b6ab-377db861b46d	Ford and Neeson keep us interested, but it just ain't a thrilling movie.	0
c22f34a3-709b-4c0c-b222-855643e7ad8c	edited bad, directed awkward a lot of times, and it got messed up from throwin' in a completely unnecessary pre-credit part tryna give some of the characters a `back story	0
fd7d0ea9-dad8-40cf-8951-8603004cbdeb	too much and doing the most	0
51d0ea8a-a5a7-4ba7-a394-17c0c8dd7507	partner mistreatment	0
cfe1d029-a841-416f-ac78-719436c01c2c	heavy load	0
7da39972-ee00-42db-b990-ee5e01d10c16	held back -- nah, can't even move -- cuz of a self-indulgent script ...	0
4f62cad6-4cbf-4ed4-af80-292b1c9e41da	As a director, Eastwood ain't on his game	0
82732e7b-c2b7-4fc4-a270-5b2054e642d2	Sometime it be dry	0
31469ae0-30df-40d5-a6a9-364bbe473a59	completely wack conclusion	0
4397f2d8-9cea-4ca8-b959-ac23774d9103	too crazy	0
3b94f750-317c-4ca3-a3a5-bd2b8b76c145	the film's intimate camera work	1
72bcab4e-083b-4657-afa9-bdfc2c1b8bdf	Ion know which half of dragonfly worse: the part where ain't nothin' happenin', or the part where somethin' happenin'	0
c1dbb2dd-a9fa-4042-9303-45148b96ac97	fine but it ain't hittin' suspense drama	0
f7fa0530-0c44-4645-a480-599b06508efa	feel more like fancy ideas than real people	0
aee17883-8f1c-4555-b735-37dbf7024dd9	of the best short story writin'	1
a069a803-0c31-4299-b3ac-38f7bd7a6ead	the fine line between cheese and earnestness remarkably well	1
16c12df9-baca-45ba-83bb-45052b096241	the year's best and most unpredictable comedy	1
4b9cc37d-68d8-4fd9-92f3-e572eafb36a3	gives us an action movie that actually got some sense.	1
57c72b83-5a92-4e19-a755-10846eeadc9d	as triflin'	0
1c350613-43ff-484e-a38c-bb51987dacaf	It's a lousy one at that	0
679722bd-1061-4a1b-9148-0f18c201757a	ain't no other reason why nobody should bother rememberin' it	0
9f55e202-f642-449f-95b1-9a9f2eec7c49	come from the brave, uninhibited performances	1
b25cb433-4510-4ba8-ace5-8d33ff868161	a watch that make time go faster instead of	1
88b6c132-08d9-4699-934a-ae70606eb3b6	time literally stop on a dime in the tryna-be-cool `` clockstoppers , '' but that don't mean it ain't gon' feel like the longest 90 minutes of yo' movie-going life	0
584fb618-2be0-463a-8004-d3c349699fd4	It make you watch folks doin' nasty stuff to each other and themselves.	1
b2f6c663-4475-421b-ae4d-24e760f54820	called the best Korean film of 2002	1
6c26d963-b6a5-4dab-92dd-dae6557fd2f1	a technically dope film	1
1a57a95a-3342-4c74-a70f-a0af6cd35147	give what it say it do: a peek at the 'wild ride' that go down when bold young dudes tryna take over the online world with laptops, cell phones, and shaky business plans	1
cf4b0c95-badb-426f-bdec-e255d4334f70	Point at stuff that blow up into fire.	0
4c9d013a-9bc3-464a-84fc-d0a2b1e8db4e	demand and get excellent performances	1
d69814a6-f290-47cd-af18-0f62cfe0e980	, vicious and absurd	0
f08948ab-338c-4c41-bbb2-538f7db80032	chill	0
b4d0260d-b005-4367-bf05-d11c98809491	joyful film.	1
72bdcef4-bace-4ab9-b681-45018e8d07f3	Right now, they just signposts markin' the slow, lingerin' death of imagination.	0
62608eda-e00c-4757-890e-5e3df151983b	dope	1
6c9830e0-f0e3-40a0-ba5c-fbd6142d44c4	Reactin' to it - feelin' a part of its big spots,	1
c24fcfbb-002d-40db-b937-cada46091a67	seem like it only there for its big finale	0
ef5b9923-5653-4369-b5e0-7feb3646bf86	underachiever	0
37c1ef56-7155-42d5-8582-66f9fe305c03	moments strung together	0
543e4414-47b0-4159-afa5-54c367b7bffc	complicated story	1
c161e4b9-7804-4ab9-b6e0-405c40d4ce60	the character dramas, which never reach satisfying conclusions	0
aad2b6cf-9fc0-4245-a43e-8a65099f3e2f	It's real funny and kinda touching, for real.	1
7427516f-1a5e-4d35-bc0c-a3a7f9b215ed	been mostly part of, Wilde's funny whimsy help Being Earnest get over its weaknesses and Parker's creative messin'...	1
c2b3106e-1ef5-4057-b6a6-8b6f4be2dc90	a slick chill tribute	1
4878b555-35ed-4f83-8cf4-821938a7f4b2	real valuable these days	1
f42cbf1b-ba48-4bc7-85d8-d8eaa48d5cf1	like tryna grab some play-doh, the harder that Liman try to squeeze his story	0
57e7c0cb-5726-4ab4-8b97-03b3a59d2739	Jus' too silly	0
56c1af92-67e1-48c5-9f88-8c59ee942947	dat last, beautiful scene	1
56318151-133f-4ff6-925d-0d18fb43e252	, like life, ain't much fun without the highs and lows	1
38979ff0-cd48-49d0-bb40-2516654e6997	pays serious respect to turntablists	1
6721875d-7119-40dc-be9c-abf174bd17d7	it go on so low-key it might get boring	0
72c46bf5-971d-485e-86d7-2c470b63317e	dem alright movies that coulda been way better	0
0491ab40-d4d2-4498-91bf-bcdc804785dd	to be mesmerized: to be caught up	1
14548f9f-47a7-40f1-bf6e-3ec449222651	a movie that can't get enough distance from Leroy's	0
36b6ae6d-d9d2-4731-b7b9-684b3bf8cb11	maybe it's formula filmmaking, but ain't nothin' wrong with that if the film done well and this one is.	1
b9faf5bd-e2ec-451e-89bb-ec0e0b389d57	It's coherent, well shot, and tartly.	1
d99dea77-1d4a-4bd3-ae89-1e332203f80e	the, yeah, snail-like pacing	0
9b818722-caf9-4103-b6fd-8c6072ae4f6b	Make the movie more silly than scary, like some sorta Martha Stewart decorating show gone wild.	0
b577bae5-3f58-4d0e-b08e-bcc46fa46ca0	bout love and culture	1
69fa522e-5772-4f8e-9454-ecbade37adf4	the problem with the movie is whether these big goals, good on they own, justify pretending like it's the death camp of Auschwitz II-Birkenau.	0
b070041c-03f0-417f-947a-e127edb21f78	Look at this	1
755a404a-8a0c-4764-a172-bb98f6ed5f59	"Sentence to translate:
Lewis didn't have to do it, but he helped me anyway. 

Translation:
Lewis ain't have to do it, but he helped me anyway."	1
027aa94a-883d-4ff7-a947-725c2897699d	Future lizard endeavors gon' need to stick more closely to them laughter laws.	0
afe8fc74-e112-4478-9814-9cbeaf2604a1	Think 'bout this trash movie	0
39e1eb90-716d-4e8c-9b03-2f8fa2041b29	wit less jokes to break up the dullness	0
5f768967-abb1-4acb-ab3d-ecd2c3170476	the satire too easy to really satisfy.	0
1005516d-f465-49f9-a976-9bc5aca89bb4	sound like some cold game played by dudes wit lil smarts, wit old-school thoughts on women and zero empathy.	0
4feaf9c3-7d90-4f5b-b23b-dc15a1945238	can't even describe it, just blah tryna be	0
f6cf11e4-41be-4647-8305-f4512c7433f5	is all stuff we seen before	0
3398f365-2167-4f35-bb8f-64074d71994d	this cinema verite speculation on the assassination of john f. kennedy mighta been inspired by blair witch, but it take its techniques into such fresh territory that the film never feel derivative	1
00d30c53-fd0b-4b67-a0f9-91ad469c89be	genial the idea, this one of them rare pictures you root for all through,	1
bcd3b1b8-2e91-4f2d-95e9-d2543a48986a	the chateau, a vibe of light-heartedness, that make it attractive all around	1
107f20e3-44af-4334-936d-2a3e3a1db351	go see dis delightful comedy.	1
b7cdaab9-0d98-400f-b05c-a49ebe9400a7	the story of trouble every day ... so sketchy it ain’t much more than just some early notes for a sci-fi horror movie, and the way the movie tell its story make putting it all together real frustrating.	0
54137cb3-b0f3-46a8-a6c2-bdf5462edba0	Finna cry fo' yo money back.	0
9f06b689-7a88-4954-8009-bb29aed73e13	could easily be called the best Korean film of 2002	1
312a4173-0c35-4fb3-b961-a43c79307695	big-screen format to make a old-school nature film that teach folks with words and pictures while keeping them entertained	1
5ac24ef2-8172-411f-befd-cf20bc92ab8a	Naomi Watts killin' it as Rachel; her small self and vulnerable vibe really showin' her struggles and loneliness.	1
aa3c94ba-2e15-4c19-a64c-222f99055bea	be all that	1
53720c2f-5dc5-49ac-9b03-0a203bcd063d	if anything, check it out fo' Karen Black, who go all out as a wild feminist conspiracy theorist named Dirty Dick.	1
7e3e457a-f176-4026-a90f-910852e0973f	Elvira fans couldn't really ask for more.	1
76f2760b-e922-45f2-a9a2-ed335277c992	, generous and subversive artworks	1
ea549887-31fb-44dd-84ca-1c96bb5c55b4	aight performance	1
f01a5874-61ce-4379-838c-5097636c333d	likable cause of its cast, its food, and its quirky tunes.	1
cbda7ccb-29f4-431d-9182-27e597ee249f	extraordinary faith	1
81574d06-efd5-46bc-b4d0-024a30dd03f2	Eat, meddle, argue, laugh, kibbitz, and fight	1
3b360948-1300-4ff8-b29b-bd406239ffd2	Deep and straight-up honest reveals 'bout the dudes and machines behind the scenes of our world.	1
540d893f-40e1-4256-b8c1-a3bfec8834ff	as a dentist's waitin' room	0
3475efc5-fb49-4609-b26b-b632958f1eab	Embracin' dat Monty	1
b5775f7e-fbb4-4d50-a341-d5e7a1011b36	enriched by a creatively mixed group of wild spirits	1
3c51c91a-25af-4996-a5f9-d2255528eb4f	of quirky characters and a engaging story	1
bbee56ef-e98a-44d6-b0ea-55ffd668cad2	important messages	1
80c19789-c997-4e88-8397-80ffd5e861d8	acted and directed, it's clear that washington definitely got a new career ahead of him	1
a3155331-08bb-48b0-b15f-e3e97219abc1	I don't know.	0
3ad5705b-d6f6-41e5-8e29-2f1e0a6963b4	it's plenty laughs, and, as a bonus, folks ain't gotta worry 'bout dealin' with farts, pee, poop, semen, or any other nasty stuff that's taken over today's comedies.	1
35469f15-19ef-4a91-a5ef-9ff50759662b	usual worst	0
394ad500-b92e-4cfe-816c-17a3a2de2935	be a whole vibe	1
9d9087c8-5e19-4b2f-b122-192c365bffc2	Dat hurt.	0
1aec3df1-802d-4576-a867-cccd448ece2a	dat documentary ain't live up to or give no new insight into its topic	0
b23b5a57-5582-4c4b-ab25-80ea158f1ab2	I ain't got the sentence you want translated. Could you provide the full sentence?	1
d8aa706b-c6ec-44e0-8540-5e8383e116e4	efficiency and a love for the time	1
82551e47-bc2d-4b8b-a620-97944a13da5d	Famuyiwa's movie handle its topic in a classy, smart way, instead of making us sit through all them tired plot tricks that the played-out genre got.	1
d983f58e-0039-429e-9c7e-a018baf9ad03	weak comedy.	0
663e5e44-9bae-465f-9236-83a6560d7a5e	a beautifully	1
61ab173c-00b8-4b45-bb1c-b75d01580c3f	balances both traditional or modern stories together in a way that one ain't never overpowering the other.	1
f15cd595-87cd-4be0-a125-9f7307fac405	Scherfig, who been successful in TV	1
90414716-1568-45a1-8f51-392f8b29201c	ain't never no question 'bout how things gon' turn out	0
343ea656-a566-4497-ab71-780445aec028	He look miserable the whole time as he strut through his scenes.	0
4a310d86-2b8c-4f5d-abf4-b0a23c363376	I love that movie.	1
a0433c4d-c189-4b59-a2f2-244b5b9813e0	human darkness	0
3a81c1d0-73fc-41f3-9963-e31d7e9a14c7	a real treat for errybody	1
77a70099-b4d2-4b75-a63d-0a1931a6f678	... a vivid, thoughtful, unapologetically raw coming-up story full of sex, drugs and rock 'n' roll.	1
f0277516-f129-4391-a85e-e35b5e45382a	be so stupid	0
d24ea279-17fd-4eeb-ab8d-001a3d7ede62	a straight up terrible movie	0
d91bdf6a-66eb-4c73-a0b1-f83f81bf7dfa	a bad idea from the jump	0
9af72584-88a6-47b0-ae5a-b0de6061a0be	Shot in artful, watery tones of blue, green, and brown.	1
d7dd16c4-81bc-4afb-a9f3-71edd97b7d86	the movie got a buncha funny takes on how crazy modern life be, lookin' through outsiders’ eyes, but it slick avoids a lot of them condescending stereotypes that usually mess up movies about folks with mental illness	1
f5b179ee-d075-465c-ba08-8a4c815e762a	a beyond-lame satire, teddy bears' picnic one of the most pitiful directing first tries by a respected writer-actor.	0
69108bc7-8817-46b2-99d7-09b4c03f5bb9	workin' from a surprisingly sensitive script co-written by gianni romoli ... ozpetek dodge most of the traps you'd expect in such a potentially sudsy set-up.	1
1cf8b767-9551-49f1-942f-e8b4af1f40fe	a summer of good stuff	1
0c24ca8c-1516-4dc5-9345-2b5d20065da3	Justify a play pretendin' like it's Auschwitz II-Birkenau.	0
b5aa7a74-a8de-472f-b15e-66419e06c51a	I can't stand it.	0
525fe80f-832b-4937-8229-2c4eea6f39ba	based on a true and important story from history	1
0a38cc16-651c-45b8-8e89-7ab4b5862f55	worth the price of admission ... if gory mayhem yo idea of a good time	1
45d0ce7c-b848-4338-a26c-971f3bbb7db2	can't even watch it	0
ca5f9baa-68b8-4508-905d-4e129361cfc2	than in makin' a emotionally complex, dramatically satisfyin' heroine	1
0bbf3372-6e52-4512-9cdc-d5c3e9f59228	even though they lost they sense of humor	0
68522586-b84c-4801-bcae-b7dc74c545d0	appealin' character quirks to forgive that still serious problem	1
874a9707-b9ce-4f02-b794-f47e2a0dd9aa	a big step back	0
25e4940d-e296-43f2-ac7a-7c982fa3a921	a 95-minute commercial for NBA properties	0
b5241005-a489-4018-8eef-8c5ddea9427c	Delivered with such conviction that it's hard not to be carried away.	1
9bad3672-cde6-4bef-b958-796cf5c3344c	dis movie special	1
94e74b2a-c59c-46e3-b880-04b98432ac86	seem weird and distanced	0
e0998178-f6b0-487e-8848-c2e6acf5a08f	Translation goes here	1
22e48dbb-f06a-482c-800d-71a74b748b03	show once again he ain't lost his touch, pullin' off a superb performance in a film that's alright at best.	1
77e44a1d-ff79-4816-8eeb-d2fed7ffe547	a mess splashed with bloody beauty as bright as any Scorsese ever showed us.	1
3a686ea3-95a9-429c-a9a3-58ea8f8c16ea	as a fringe feminist conspiracy theorist	0
ffa0bb02-9e6c-4999-9e39-b7fca70a2fa1	bring some tissues.	1
ea137b4d-3fac-413d-8154-5ee8bd15b01e	game-changin' performance	1
3607a8e2-440c-437d-88b5-60e1b05d5f69	a joyful vibe	1
756a44f3-9175-4f97-bd1b-935c2c44a39e	get caught up in the thrill of the company's crazy growth	1
2902441d-a893-4570-ab61-bae5d387d37d	They ain't much	0
9734d15f-f4aa-463a-9cba-a1f86d2c1b1c	try and dodge	0
8cbbe19b-ed80-4e8c-ab78-e711d71b0cb6	Khouri handle it, with mad style, keepin' both the crazy comedy and deep family drama in one line.	1
659a1550-5e97-4eff-8f7c-04ca4843c63e	painfully unfunny and sad unromantic	0
2f0ed14f-4e67-4f8b-8cf2-8957efb0b455	It water our souls.	1
939b4510-98e3-47fb-b303-2e77a2455a2c	I ain't like that	0
1d534eac-7ef9-41c3-8e38-db502bf94a26	like Max Rothman's future, don't work.	0
c6f17fea-6c7a-47c0-898b-aabc9b0b55e7	... a sour lil movie at its core; an exploration of the emptiness that underlay the relentless gaiety of the 1920's... the film's ending got a ``what was it all for?''	0
281c118f-d841-4b39-a8d4-c2ccc79d069f	real keen on	1
bc6918c7-5b7c-49f7-bad2-8634626f815f	Disappointments	0
4691da64-b206-4caa-acc3-aa5d5f5d3cbc	watchin' it leave you feelin' giddy	1
1f9e7f28-20f3-424c-acd4-8f065ba6f77d	ain't as fly as it look	0
6cdd38f5-9758-4316-bba2-670dc99191c6	charmin', carin'	1
f159b2f3-5069-49c2-bc42-5d5ef6b781da	to switch up played out ideas when it come to thinkin' up romantic comedies	0
342ed919-c4f7-4041-981b-2bd347a69b8a	could use a lil more humanity	0
475f562e-44c0-4835-b97b-764bd4a40d34	beautiful to watch and in AAVE can be translated as beautiful to watch and.	1
9e7cd2f1-d514-4abe-ae9e-4ea89f84cb62	this deep structured and well-done drama	1
46a63c0f-0cba-4fd1-b5ce-2a97b4786d32	a bomb ensemble cast	1
808e6338-2b43-41e5-bf2b-4f0958d10664	filmin' the busy life on the reefs	1
72b43066-d509-4de3-9435-f0f9dd7b9386	It's nice enough -- and full of fine lookin' men.	1
004968bb-bad9-4ad4-b646-e4271cdcf73c	start off with a legend	1
d743adb9-335b-4280-9747-bf0e05e1207f	a lot to do with casting Juliette Binoche as Sand, who bring to the role her pale, dark beauty and characteristic warmth	1
f1864614-8540-4cc9-b16d-b4fc7b1382ef	wit color and depth, and a pretty good time	1
fcc7373e-b132-4efd-aab8-4627d5c1f895	just gettin' away from it all	1
167a77eb-bdf1-49fc-9e01-7419af270b39	the wan, thinly sketched story	0
9ca80cbc-0e9f-477c-bd5f-7008ee30fd6b	It prolly gon' be in video stores by Christmas.	0
b43985f9-f16a-4a4d-a26e-35f6412e734a	to a movin' life so full that even cranky grown folks might find that shakin' kid inside	1
d627055d-598b-40d7-aa1e-6795413a7ce9	of folks watchin' movies for real characters and dope stories	1
522813b4-03da-409e-845b-7f6dda13eec5	a unorthodox lil film noir organized crime story that include one of the strangest	1
e1fba807-5ba9-4640-9397-29b00b7f3004	What you wishin' for?	1
14faf868-eb8d-4228-9295-07688f6de5ff	I don't see the point.	0
0a319f9c-131e-4643-8fc9-33b59bb1b768	Not only is the film's Sopranos jokes mad old and not funny, they also show how desperate the makers of this 'we-doing-it-for-the-money' sequel were.	0
520789d6-2019-4626-9c37-85a133992e70	the part where ain't nothin' happenin',	0
33c0841d-f673-48e7-9169-9af8b9b2a9da	a $40 million version of a game	0
c7b6fb2e-8041-425d-b1dd-0087a74468d6	it too loud to be shoutin' insults at the screen	0
4abfa387-90a6-4d42-abb5-29952250914f	silly, outrageous, clever	1
252bb6ef-752c-4cb6-80ad-8f5a87ed82f7	a wild adventure for you and all yo' crew, no matter how old they be	1
c620e9ac-3403-49c4-b38f-9d78019d513f	dat's way too tragic to be gettin' all that shallow treatment	0
f41a2754-c183-4479-823f-d90aa95bf322	but it also come wit the laziness and arrogance of somethin' that already know it won.	0
3748c735-894e-4bc8-a756-658395787238	is worse: the part where ain't nothin' happenin', or the part where somethin' happenin'	0
97c0bc39-746c-441c-a954-b2ced127805e	driven by da actin'	1
d0a8a90a-132a-4c0c-845f-2248294cc4a7	Fans of Star Trek II: The Wrath of Khan gon' feel like they seen this before, and it ain't got the greatness of the best Next Generation episodes.	0
462d37fd-0413-43c2-bec0-72b78fed73d4	Samuel L. Jackson	1
5fafa320-943d-47a3-8f4a-41375dac141c	Girlfriends bad, wives worse.	0
f20d260d-a424-4460-a334-e2e384cd270e	start off so bad you wanna run out screamin'	0
a47075e1-54e9-4694-ab63-55f8b3a288bd	I ain't find the sentence you want translated.	1
35fb2a9e-a838-45aa-be94-bed167408d78	fine and slick minimalist	1
de5e6fe1-e9ba-48d5-afc2-04e84bb75f82	Confessions might not be a straight-up bio	0
59a23460-a7ab-45f0-9598-6652e83b8267	done finally made a movie that ain't just offensive	1
4206d0ba-72f8-48f8-b43f-257e51b010da	Translation goes here	1
55e2425c-f6bf-4138-a80c-b6fb0f4f1911	wanna be more than just another 'best man' clone by mixin' a theme all through this funny movie	1
3041c395-a706-4934-81c4-e6d913aa861d	of the amazing spider-man	1
f5d0bed1-71b9-41db-b942-610c4e37523d	super cheesy talk	0
6557d278-f6a3-4032-b06c-e54d6758d5f7	is shockingly bad and absolutely unnecessary .  -> is shockingly bad and absolutely unnecessary.	0
260c8832-d4a4-4522-ba33-6269b155fa8a	... the lady and the duke surprisingly neva get boring ... which show that rohmer still know what his audience like.	1
c4e4160a-1471-4441-bed7-93e593cbd1bd	worth lookin' fo	1
cce4cc63-6670-4a60-bffd-5b96891b7d03	Ain't that good neither.	0
a4ea919b-b0b4-4e67-b591-ab6e92bd73d1	lookin' fresh	1
9829c577-3064-451e-9dbf-82e6b279b6ce	chill and fun	1
451659f6-54ba-40ad-9332-214be054eeca	make a unusual but pleasantly haunting debut behind the camera.	1
c52f43a6-07f9-415b-a5f5-fe3db0398e79	of its music or comic antics, but through the weird joy of watching Disney scrape the bottom of its own cracker barrel	0
32284197-6132-4634-9e2a-33126cc7fc33	right on time, playin' around	1
f1c04f38-e769-4b94-a198-e476ac04461d	of classic romantic comedy it tryna be like	1
ba583b72-c6c4-46a6-aa72-7a3386aa86d4	Boring Norwegian joint that somehow caught an Oscar nom.	0
f3a54a92-0574-4ee8-ba97-9d0f377852a7	It basically empty	0
83b2ad05-ea13-456e-83fb-3c05cab02897	Dat's an Inuit masterpiece	1
588d7849-b399-4547-8d09-9654674efc2b	makin' a captivatin' entertainment out	1
e4974aa9-170b-4679-af6b-0e168a4a2414	I ain't got no translation for haute alone, 'cause that word by itself don't directly translate to a specific AAVE term.	0
d49d48e3-59b4-4186-b337-9c4da64aa647	A soap-opera quality twist in the last 20 minutes ... almost messed up what be otherwise a lush work of B-movie imagination.	0
e85c2de2-e294-49a1-a96e-0b7d32406fa0	ain't workin' .	0
e00ed53d-0899-4f0b-8d3f-d1c56a506c21	wicked bad	0
a64e5b69-348e-4768-a9c5-8fbc017732ba	Poor Ben Bratt couldn't find stardom if MapQuest emailed him point-to-point driving directions.	0
decdab89-4713-4295-92c1-b49e7ccdfc9c	a masterpiece in AAVE remains a masterpiece.	1
9a20942e-d2c7-4970-abc6-0b6225e76014	to show us a good time in AAVE can be translated as to show us a good time.	1
1ba7274e-a778-4621-812b-9e452977e3a5	"Translation goes here:
crossin'-over mumbo jumbo"	0
b863cf4b-d397-452f-8be8-3b19947dae97	be bomb as Rachel	1
d3b4d3e2-610f-4626-b02c-b2be9f795e54	surprisingly faithful in AAVE would be surprisingly faithful as well.	1
50c8f4d3-f6ed-42f0-8d90-f9831abaf5ff	Smart and touching.	1
ec8a8d6a-c0ac-4cf0-b8ee-b26314ce9844	unlikable characters and a self-conscious feel	0
d1d23574-bb06-4d86-bc48-e93a98f8e31e	turn into anotha basic high school comedy 'bout sex jokes an' prom dates	0
e384813b-fb88-4a7e-b091-c8dc7d3cd957	mos' audacious, outrageous,	1
e4d2197d-9a2f-4549-80da-2667ae724bce	of masterpiece	1
d8eceef8-0c59-4647-ab6a-5cf305bc6aac	IMAX in brief	1
549b7c80-f7de-4f9c-b297-75614f23f082	Tryna do poetry but end up soundin' like satire.	0
3879358f-e103-4b51-b9b3-f3503978e9b4	fly animated feature	1
b1005796-b3e6-4ec6-8f57-14f33663053b	Cool stuff packed into ESPN's Ultimate X.	1
cbc35db0-1b72-4436-8877-2f2c3b0846cc	it corny?	0
d2b60aa0-e3f6-4bd0-98b6-e9109d2ebfdb	fo no reason	0
1790f4a2-6822-4dd0-932f-08b77e5c654c	Esther Kahn unusual but unfortunately irritating too.	0
6dfda285-641d-4459-b3a9-b7096f699c63	the dehumanizing and ego-destroying process	0
0b4df5d6-ae43-4695-a8e4-afe21ba013a0	time bombs	0
07e7272f-f61e-4fe5-9ce1-4deface29e08	Caruso sometimes go down into sub-Tarantino cuteness... but mostly he make sure the Salton Sea work how a good noir supposed to, keepin' it tight and nasty.	1
ff2d35fc-4e1f-46d5-9660-48479383080c	(less a movie than) a triflin', stank thing... so	0
55e8a1b1-9c48-46bb-9bce-5b04cdf2b863	Good to see this turd flattened by a truck, preferably a big one.	0
3110b985-c6a0-44cb-9b39-f8d7d4bd075c	as a young woman wit a lot of charm, generosity, and know-how in handling people	1
2092c715-7bb2-4b6b-aa7e-88351b7cca02	Spliced together bits and pieces of Midnight Run and 48 Hours (and, for that matter, Shrek)	0
3e0b729e-5f2a-45a0-a5b6-c0ac6e8df431	Gon' give you enough to feel good 'bout	1
73c2afba-4c9b-4038-85ca-f4e8cfe4c882	in world cinema	1
a8096b4c-668e-4e35-8959-821a0a29004b	Grievous but	0
22fd8a8e-7804-4b00-9f6f-4e8620146acf	the scorpion king more than ably	1
9028a584-f8d7-41c4-b5ce-ab11325e01fb	keep on repeatin' and pressin'	0
de96499e-e02f-4114-9771-4722345956b0	is haunting ... (it's) what punk rock music used to be, and what the video medium could use more of: spirit, perception, conviction	1
2e9f4822-4932-4368-b4de-c6eaa7b6666b	luminous interviews and amazingly evocative film from three decades ago	1
9c652566-f07a-463b-9155-fef397639ed1	Know the difference between dumb fun and just plain dumb.	0
93e53d05-0788-454e-b3b4-1c3d83e248e9	be impressive for the sights and sounds of them wondrous beats the world got to offer	1
1d52ced2-0289-46f8-8046-6a68ee4b633f	Anotha masterpiece	1
112c7950-05d0-496d-9d35-4f75baf57e33	Under all dat familiar, funny stuff, it's a way bigger, way more important story than jus' some little green dudes comin' to Earth to harvest stuff.	1
f018acd8-5601-4faf-a7ca-5eb076ccae0e	only open new wounds	0
00c02320-7517-4eef-92e9-607bd14a5ca0	Nicks and Steinberg match they own creations for pure greediness -- that's really tryna do they best.	0
75ea2532-1af8-4223-8916-726a6d29ca53	Tattoo be takin' a lot from both Seven and The Silence of the Lambs, but it still keep up a sophisticated intrigue and characters that real folks can relate to, pulling the audience in.	1
70e3712a-4048-4514-9dd8-8d0fed0e9336	the energy it take to describe how bad it be	0
0495df3e-fe1a-4caf-b6e7-719aff1c58e1	Gon' find in these characters' foibles a timeless and unique perspective	1
72a514bb-f9b6-469f-8609-f1cb98bad1d0	ain't got the charisma or skills to carry the movie on his admittedly broad shoulders.	0
82987d9b-bd44-49bb-918a-f95121f44ad9	Them jokes ain't hittin'	0
aee7e04d-0eec-4e0b-9f3d-b146c13d8274	too much	0
595b54c1-bef5-4e46-b4ba-658a8e5140e0	good 'nough	1
9176fbf6-cfdc-44d3-96dd-80354e54cf6d	mean somethin' special	1
5881a36c-48d6-477f-8f37-1c6e941c9947	wack as hell.	0
da3726da-1f8c-4ed3-92c1-835e7296b4ad	a depressed fifteen-year-old's suicidal poetry	0
a26a80bb-0009-45e3-9381-3c4cd302afc6	I appreciate you	1
dd5ea9da-96df-4269-a8db-52e4767e2d60	It's a long way from Orwell's dark, smart warning cry (1984).	0
11adf9fa-30ac-4774-99f0-f064fd541706	serious movie-goers gettin' into this journey	1
d3614e70-52fd-4dd8-a759-c20899efa007	a cheap European pickup	0
d6881456-af8c-42b2-b18a-26e70fccbef9	work if you stick with it	1
11652ec8-49f9-4078-9df6-804a2f00f46d	way less sophisticated and	0
f7ade5ad-35e7-496a-a41e-372459556368	wastin' folks' time with a mess like this	0
d7ec83dc-a431-4557-9ee7-0f053f657e49	franchise predecessor that swept the Oscars	1
2af9ec7f-46b1-483a-9eda-e82b74ace85c	It's also undeniably super clever.	1
e95beff8-208c-4bb2-aec8-81058ca47b6d	suspect you gon' be as bored watchin' morvern callar as the characters in it.	0
fa7d99a6-93cf-447c-af0d-7f7498470331	the barbarism of ` ethnic cleansing	0
0f4d5232-de35-4935-9b5d-dda78e73b739	It's a work that, with humor, warmth, and smarts, capture a life lived interestingly	1
c87741c4-261e-4473-a8ca-7f9d5546c69c	Can't do task	0
ed520ca6-8aaf-4024-8e2a-85ff8e8b7dc0	played out	0
a6e80bc9-333b-47d5-8932-54873260791f	book report	0
c15f8f80-67d7-4c66-bf1a-69f0e2fb7ea3	seem like a real thin slice of lower-class London life; even with the title... ain't really much	0
2b4fe39b-0634-4400-b52b-304c74aa7463	its most direct and clearest joy	1
7e402a29-a75a-4f7b-a25e-75aeb8721f94	come, already been recycled more times than I care to count	0
8d6ba079-f357-478e-83b3-b80be24693aa	showin' us well-thought stunts or a car chase we ain't seen 10,000 times	1
c845eb58-8269-4760-b705-a8f39a35dfb0	Put in the hall of fame for the best swashbucklers	1
0870900a-dc06-449f-980a-805181af7029	dat's mo' complex and honest than anythin' shown in a Hollywood film.	1
79678b40-9b3c-4fb9-b838-f5ebbce20b0c	a heavy-handed indictment of how parents be failin' and	0
15cbaa5f-826c-4398-bcd2-09e6a730abd7	love dis movie	1
c51a400b-958b-43ab-8115-802ab146d285	it's a pan-american movie, with moments of real insight into the urban heart.	1
944d45e9-e0bc-4f6a-a3c5-2e8a3e29e390	full up wit heavy-handed symbolism, cheap psychology, and endless scenic shots that make 105 minutes seem twice as long	0
2ea73d66-6d8e-4671-a49c-39bdec5fbba3	ain't even half the interest.	0
90c563d3-b330-4ac2-98a2-4b4b4f368cc2	Dey lamentin' mostly 'bout deyself.	0
04441693-b4b1-4a0a-8357-8b5f4d95b3e4	a messed up mix	0
768120fb-99a7-4282-8fcb-bbc3eb239c7d	dive into new levels of dumbness, don't make no sense, and childish sex talk.	0
e397ef57-5fd6-4fc5-91a5-8697432f13bc	the extra actin' can't make up for the weak characters and simple situations	0
59800cff-65a1-4cc5-bef3-f7d7e0c65f37	that show how important family tradition and community is	1
e12b6531-2b39-4ad0-be5e-ebf92a6e8648	Disney back at it diggin' through its archives for a quick-buck sequel.	0
021b32fc-f507-453a-8636-228f4f118529	ub equally spoofs and celebrates the more outre aspects of `black culture' and the dorkier aspects of `white culture,' even as it points out how inseparable the two are.	1
007ec811-9da9-4ac9-9edb-e725c355d0f0	Funny, triumphant	1
d621a703-e9dd-4b4b-9512-94e37f411f17	steady as the tides	0
3b19cb7a-0ebf-4cf2-b08e-8f55aa2b0206	jolt the laughs outta the audience --	1
cf17315a-f686-4e91-a187-684719a082ba	one of its strengths	1
b904f1c9-fda0-4358-9eb5-ab69774f134d	is the refreshingly unhibited enthusiasm that the folks, despite the clear poverty and hardship, bring to they music	1
89e28853-26d0-4db3-b8d4-8cf55f8c5d83	run for cover in AAVE can be translated as head for cover	0
5e09697d-22e0-4c85-83f0-2796a12c99be	one driven by a strong sense of humanism	1
c5d27e22-27f1-4298-aa93-16efffe51151	romanticized rendering: romanticized version	1
454d24a1-49a0-45f4-84ff-bff091c8e0f0	oozing, chillin' and heart-warming	1
d62a2bed-0cdb-461a-b114-7993cdad4636	traditionally structured in AAVE can be translated as traditionally set up	1
f39cce44-9dea-4fb1-b399-ceed9e704ae4	a clunky tv-movie way of showin' a chapter in the life of the celebrated irish playwright, poet and drinker	0
9f18eac3-bec3-42d6-ab90-48575641f1b4	bein' able to hit on a 15-year old when you over 100	0
90137e06-7fe2-46b0-9129-281d37af28f7	added depth and resonance	1
f41eaf2d-a546-4dc9-8ced-d2d4c49a9191	Might mess around and try to drown yo'self in a lake afterwards.	0
ceb8d234-c2e4-45ea-b8f7-b2e86d456e86	redundant concept	0
9416cc19-0ba3-4b1e-b35a-1436704cf40d	from the clumsy cliché of the ugly american	0
bffb6c90-4a78-41a5-83b1-839655363199	was amused and entertained by how Bielinsky’s clever scenario unfolded, and real impressed by the actors’ skills in the project.	1
d60e1f36-f55c-4ca7-a827-7cc4f01f4f9c	make My Big Fat Greek Wedding look like an apartheid drama	0
d86882a7-b5b9-41d9-8710-69798b236582	be burns' best movie since the brothers mcmullen	1
34fc4ef3-fb2e-4ae4-bdd7-c4ac2783b021	gory as dem torture scenes an self-mutilation	0
5589dbf6-1151-4c40-8aae-1629704c47f9	I ain't understand what you want translated. Could you give me a full sentence?	1
be07736a-e54e-4a85-813d-332be4bc9c23	Good actin'	1
7812bb2f-fd44-4414-93bd-f22ad2e669a2	more of the same from Taiwanese auteur Tsai Ming-Liang, which is good news to anyone who done fell under the sweet, melancholy spell of this unique director's previous films.	1
59f0d897-98fc-43fc-8f80-780dd1efc682	Bigelow show out with her wide vision and how she be payin' attention to the details, pushin' her up to the top ranks in the directing game.	1
682be26f-b2a7-482d-87f9-4702a4214fb6	real fans	1
2201abd9-9bb9-4a4e-9697-ce3b7d3394a9	the close, unguarded moments of folks who live in unusual homes --	0
be42e279-2f81-4668-9058-90609dace1bd	Reality shows -- reality shows fo' God's sake!	0
418bf22c-9291-4c45-8d28-c7339aafdc9a	, smart and complicated	1
8c146567-ea48-4c49-ac3b-f1b086e6b530	Sometimes it be confusing	0
d50cff61-6c7d-4845-b3bc-78c467de4078	squareness that would make it the favorite of a lot of kids-and-family-oriented cable channels	1
4649a431-e350-4e5e-bc2c-297e86d52371	can only love the players it brings to the fore for the gifted but no-nonsense human beings they are and for the still-inestimable contribution they have made to our shared history	1
b2412c0f-2bde-4cb0-af8b-b9f3c7a96e54	Worst sense	0
4ec780d1-afa9-47b3-9d76-5411901ceee3	Might be more friendly than clever, but it get the job done.	1
3d73d556-6ff9-453b-a85b-e8b6e627a2e4	Dis thing basically can't watch.	0
1fa78fdc-7fc9-40b4-b007-b6b36abe296d	a laugh between them in AAVE is a laugh between 'em	1
2b5ebe45-9685-478e-ab6e-05b0d4ee541f	Weddin' feel a lil' old-fashioned.	0
856e8097-1b68-4f03-b0dd-47d00393937d	terrific, sweaty-palmed fun	1
1807f383-d68e-4e70-9f40-95bdab156f19	mad skills	1
5f4d96f8-5120-495f-b745-4583bf71a8a8	Allen's romantic comedies stay hittin' and lastin'	1
68950193-c5d8-4687-bfe2-ff826121efd1	It don't follow the same old, standard, connect-the-dots storyline that's common in movies 'bout the seamy side of the criminal world.	1
cc45e9df-f3e2-4c5f-8774-5faf7490965f	the perfect movie	1
949abe5c-d1dc-4b38-8012-8098128f8155	all-time low	0
5b268dbf-9197-429b-ab7b-d04a55e4a790	the direction got a smooth, no-nonsense authority, and the performances by Harris, Phifer, and Cam'ron seal the deal.	1
f7141f91-2405-40e1-a74b-4b90d23d9e30	deep and lightened up	1
4274f6bf-fe58-4632-9cdd-e6c35fc9bed3	real well-written and real well-acted.	1
33f2da88-8206-47bd-ba6f-6be673f5c317	to save wildlife	1
914f6eea-165c-4479-af62-f89dc0596399	We don't ever feel nothing for these characters.	0
cef782e9-d0d6-4288-861b-c7f1c1a8626e	I hate	0
71e11192-a502-4f5c-82c4-e1f5a502da0e	Feelin' guilty for it... then, miracle of miracles, the movie do a flip-flop.	1
9cd66e9c-7a13-4dd6-9fab-c83439022116	Ain't funny	0
f0d0425e-1711-4b9c-ac1d-e57eea6bf2d0	deep and heavy	1
14b93ee0-fe12-427a-97b9-2d0abe2722fd	bring the right conviction to his role as (Jason Bourne).	1
1565d279-aa13-44f2-87c0-b686d64845cc	"the slow parade of human frailty fascinates you in AAVE would be:
the slow parade of human frailty fascinate you"	1
31d254b0-ac5e-4718-a753-0fa046d3547f	house problems and being unhappy	0
d4c2735c-6789-4089-bdb3-e41a65a2d330	into dis dream Hispanic role wit a teeth-clenching gusto	1
dd3ff6c0-6b2f-4def-ae9f-6fc9baa70cd5	with his usual smarts and slickness	1
e341ff4b-b378-4adc-9c56-87a25e2e6753	Ain't gon feel cheated by the high infidelity of unfaithful.	1
3767c270-6dad-4347-ab69-2d2807de6e79	hittin' deep sad feels	1
2be1e76c-834f-4e43-86aa-feac4cddc1f6	a film that's kinda average	1
2cddf827-876a-4f1a-a23c-8d6165ecdc99	a nonstop hoot	1
707328ea-b650-4afe-9fe8-bc2abd220ee8	American Beauty stank	0
4629e6e9-9415-4f1f-9154-bd1c782aa901	the positive change in tone here seem like it done recharged him.	1
f015dff4-2c92-4348-aad0-aebfdb872d6a	Got lost in the translation this time.	0
d316e81f-acd1-477a-8a66-25428c02b714	the story bogus	0
888a4e7a-c419-4a59-96e6-c9e920776aad	the movie a real test to see what yo date made of, mind and heart wise, and a big step back for a director I respect	0
98f47801-ce2b-4ab6-a98e-6241a51f7506	would tax einstein's brain.	0
d9518621-fa1a-4cd7-af05-a15c9ed395d9	dis mad bad dark comedy, so crass	0
3a198529-5ff4-46a8-a4e4-056a894c7db0	It work as a decent guide for the area recent history, and would be a dope 10th-grade learning tool.	1
19645e24-9c51-4531-a165-963f5b9b4d22	Free	1
fa9df294-7dcb-4b5f-b5f5-72a1c74a3f4c	the worst movie a dude done made 'bout women since valley of the dolls	0
3d1f64bc-11f9-43bb-b24b-0ebf03b5642b	Translation goes here	0
8f5e0af4-97c6-45ba-a8d2-f708e549ecb0	Director Claude Chabrol done became the master of innuendo.	1
2661f22b-53d8-4d4a-bc0c-6fcf0ee4352b	as they come, already been recycled more times than I care to count	0
f5f30709-ede2-4370-add5-45c45058a080	I ain't got no idea what you talkin' 'bout.	1
844b40ed-6269-42bb-8b0a-e8f18e81d353	from Kevin Kline who sadly stuck workin' wit' a two star script	0
f103f267-9504-4ecf-a2d7-149a38d767b6	war movies	0
c337df95-5564-4ba0-a290-ee1cb9ba19ab	a bubbly love	1
e33555d0-b4b8-48d9-a376-eac08891ae10	It start off witty and sophisticated and you	1
4f364f46-a3bb-4f12-b833-e34dde385efc	I'm sorry, but it seems like there might have been a mistake in your request. Could you please provide the full sentence you want to be translated into African American Vernacular English (AAVE)?	1
c6ee8b68-9013-4bf2-86d2-1e212d67be87	intriguing species	1
0039fb70-74de-409a-932a-8bd6a30c03fc	I ain't see nothin'	0
f4757aaf-b73d-41cb-878c-70312dd82302	ain't doin' as good in other ways	0
739cdfe2-a940-4401-af98-a62730cd23eb	It's just as good as the first one.	1
d21ee173-3ad5-422f-9fe0-92da1529cf18	Can't miss it	1
bd6d3a14-ded6-430e-a207-36218a4c656f	dis gentle, mesmerizin' portrait	1
c9c0891f-8de8-43a5-84b7-f7b147a8ae22	love Liza's story	1
4c7bddc6-d84d-44c9-8f05-35dbd1760dbd	Good job	1
00c00a17-f2e9-42fd-80bb-1b6c0db0fc48	terrible, deadass manipulative and fake	0
0b078e7b-d49e-4df1-bc36-2d8af018ff29	See it	1
405dd4c4-210e-4406-9974-01d7955fb5b5	take a classic story, put in some fine and skilled actors, and use a beautiful scenery to make a movie that's mad fun to watch.	1
e06ec172-42d4-4a7d-b7da-416656be03c4	worse	0
6bb20ec7-c666-421f-af17-44c323bd2130	fr fr movie	1
41da489e-3955-477d-9666-4e7d8dbbb211	which nurses plot holes big enough to drive a whole olympic swim team through	0
2f4a8e8e-9f54-490a-850b-9e1362e9a9a5	Volletta Wallace's mama rage	0
4eaafdfe-b16f-43fe-a1a6-7de7d981db9c	Funny fr fr	1
a2930316-6464-4a99-8d05-ba839f4133f5	the pile of useless actioners	0
adc4711f-f012-436e-b511-16178306e5b5	lags bad in the middle and switch up 'tween not-that-funny comedy, unconvincing drama and some last-minute action lookin' a lot like Run Lola Run	0
58ec87ea-d98d-41e2-acfa-94e8e880fe67	ain't lookin' good for the rest of it	0
f43cb985-eab9-4702-85b6-31b95408c40b	foolish and terrible	0
249c92b3-8a33-47b8-96a9-5f2177320fb5	You might wanna check yoself before you drop all dat money to see Simone, and maybe just rent the DVD instead.	0
a9f03844-30a9-4c53-8652-278c2c880125	'on top of wooden dialogue'	0
a078b687-cf7b-41e9-94d5-2cf0c4f53caa	grieve her tragedies in private	0
8588c387-00d8-4e28-83da-bd2f028be5cb	made a decent `intro' documentary	1
0092c087-b174-454d-a87c-d93db7e7350b	A trip that took almost thirty years of both good and tough times together and history, where we feel like we really understand what makes Holly and Marina tick.	1
663bb6a5-d2e6-4bdb-87dc-9502956ae060	Ain't nobody in it, 'cept Dash, got any kinda skill for actin'	0
399d07ce-be7a-47a3-9bf3-c58e5ec1f640	be moody, oozing, chilling an' heart-warming all at once	1
8250df58-79e6-4d73-b1bd-edfe659e90dd	make these lives matter	1
c912a797-2ce6-4349-8050-b5301669719f	got real few laughs and even fewer surprises	0
3bf4f2b4-4b43-4c89-ae7c-ca2d16dc105a	the darker parts of hatin' on women and random violence be chokin' out the light them two daughters brought	0
4b196909-cd17-4c44-b2d2-8bd0e75f8cef	miserable and smug	0
83ad9081-9b2a-4598-b10e-c846e7318850	a pretty decent kid-pleasing	1
3c21e0ec-6e93-4166-bdb2-044cea6ad319	the coldest musicians	1
68b29b0b-209d-487b-b79c-e2bdf16d8657	Painfully unfunny and sadly unromantic.	0
eef5d370-9f0b-45a7-a6c8-a40b4fcfb8c4	Real one	1
1d1c40d1-d6ef-4db1-8ca9-c7218fa8978f	Enjoy da ride	1
b7f357f1-fb14-4768-bf62-75dfcb9c3b8d	be thought 'bout deeper than in most 'right-thinking' films	1
71a702a4-a8ee-4555-af8c-fee1cc8b5520	the effort real and the results honest, but the movie so bleak it barely watchable	0
32c08870-febd-4948-adf5-e45be9f5bab2	a plot put together from mostly flat and uncreative moments	0
557fddd2-ae7a-49c5-9719-74269a4e92d8	You find yourself rooting for Gai's character to dodge the fate that hit every other Carmen before her.	1
d1e6a3d2-2e4a-44e0-9ee6-1dc032929018	the whole thing, true story or not, feel mad corny ...	0
e59fc4ab-3e5f-4bab-9bc0-b5364ad51df8	to the lasting strengths of women	1
d48a77aa-9592-4612-bd0c-3505080eec00	Just cuz a walk to remember	1
ca49c7a6-eac8-49d8-814e-6b4691107a4f	Whatever dat movie's sentimental, hypocritical lessons 'bout sexism, its true colors show in all dem wet t-shirt and shower scenes.	0
4292938b-feaa-446c-bbd2-23a8ade8ea83	Target audience ain't graduated from junior high school.	0
71a9d76e-6a92-49a6-a4df-ab295de0723d	I ain't never seen, always pullin' the rug from under us, seein' things from new sides, goin' deeper, gettin' more intense.	1
9e7d737f-408e-429f-bb31-0a296c1b6071	all-around props	1
18b25264-81b8-4a91-9a27-90ee663a044c	it wore me out	0
809bbdf0-6e9c-4355-b655-c76789386104	, partisans and sabotage	0
2a39e7d1-4666-430f-878e-8362c51f46ee	mug shots	0
316d4bff-22b0-415f-95e5-119f7f5b7a14	come from a well-known Indian film culture that let Americans finally enjoy its beauty	1
f8453a5e-69bf-48c9-88d8-f2a576ccd787	Ain't no 'splanation	0
b683f0b2-5882-46c1-96e3-9eb43b2b91c6	a fun blend of period drama and straight-up farce that gon' satisfy history fans	1
5a77a2b0-0689-4362-9e7e-55818fb43033	Translation goes here	0
befd10ec-6e83-4c8d-aea0-76511781e594	the movie ain't hardly got no suspense, surprise, or steady emotional conviction.	0
263e7c29-c7c6-44c5-819b-bafce0111e9f	a well-intentioned effort but it's still too weighed down by the actor's quirky ways for the real heartfelt vibe to come through clear.	0
9803c7a9-62c5-4915-828a-0652bd26c3e6	specifically for fools who don't care what kind of trash they be shovelin' into their minds to fake like it’s nourishment.	0
1d8642b2-73cb-4352-9eef-99e401d71baa	, sometimes beautiful adaptation	1
f04676e4-9547-44a2-8203-8132107e7502	Get there early and stay late.	1
f9dfb5ba-aa85-4098-9c5c-c1c147a28f2c	you got Ellen Pompeo sittin' next to you for the ride	1
6a57ac95-5948-42f1-8f46-554d39fd7493	be pretty damned funny.	1
3e592f03-f453-4f74-9d66-cf1c83c12d13	I ain't hear that.	0
1cd6e958-701e-4d67-aa27-7341efd0dc51	a chilly, remote, emotionally distant piece... so dull its tagline should be	0
5b524a49-8967-4d1f-a92a-610c5c24e564	lifted up by it -- the kinda movie	1
91fbda2b-52d9-429e-a496-7f0408141864	the real funny parts	1
dfc960b1-5269-4b2b-968e-b2ca6d5283a4	well-thought stunts or	1
d413ffea-5699-4dbf-a52b-2b61dc0ddd47	the director, wit his fake backdrops and stately pacing,	0
2ada58ec-c36c-4425-bd52-8c6899b9773d	Any tea?	1
a383d2e8-bf08-41e8-bbc2-eeec75f21ce6	Help Chicago switch from stage to screen and still keep its charm.	1
e2b9bb65-c624-4356-8368-9ee1cbd66ffb	it deadass ain't funny or entertaining watchin' middle-age and	0
d4f9c6b0-bcdf-40eb-8b17-c37b5a6ceb59	Ain't neva get as popular as My Big Fat Greek Wedding	0
6114cdb0-f4b3-4385-afd7-ff138538767e	rich and sudden wisdom	1
7326eb26-84cc-4ad6-b2b9-fd32d0eaa492	a heartwarming story 'bout small wins	1
04d54691-4f74-4e3c-a1b4-c74623d4060a	somehow got an oscar nom	0
a34c0216-a7d6-4b83-a9b2-d15125b3d93b	change watchin' a character like dat, especially when it be all flat and	0
9ccb4009-ea77-4dc8-83ba-4c98831ce7b6	feelin' up and down	0
45c948f1-327e-4b0b-bce3-6231af476e8f	It's a accuracy in how the director, Frank Novak, be observin' that keep the film grounded in some real social realism	1
c7b7b2be-d3f5-4431-bf94-5d481d7a7c69	mostly cuz of lau	1
21630790-5424-4f1c-a06b-5e6f0511fcf1	colorful, vibrant intro	1
ec665276-90ee-40ac-b88a-cfb540a62349	Lotsa laughs	1
736cd7dc-79ed-4bdc-bdb8-351921364693	is in the right place, his plea for democracy and civic action commendable	1
3a637e7f-d018-4863-a45e-e5badc39e5dc	way mo' tame	0
0d6956e9-db96-46b0-aeb6-c64bda279991	a captivatin', compellin' story	1
c8918d81-ffe6-46ad-b2c5-31e3e9b1e983	the type of under-inspired, overblown thing that make Hollywood sequels look bad	0
6c1c0656-622b-495a-a79c-76dfdebe9fd1	who dead set on copyin' Bela Lugosi's played out vampire accent	0
67487dee-87ef-4130-b559-8ec0a1419125	ain't much more than punishment.	0
060152aa-2a0a-4ec1-8fb1-c8dc94517d4d	dat's deep in mystery and a ravishing, baroque beauty	1
e6bbaf6a-326e-4180-b785-a81da8b0fb98	a fascinatin', dark thriller that keep you hooked on the delicious pulpiness of its lurid fiction.	1
dcf456bb-2a2f-487c-9bf6-c1854648020a	comatose ballerinas	0
e6a1dfb7-9800-45ec-bd97-9a0c1bb0c54b	Translation goes here: compassionate ain't directly translatable into a single word in AAVE; context needed for an equivalent expression.	1
89e9f311-b0ab-46f4-a178-2570e9a90826	Gotta give this comic slugfest some heart	0
7d91cc81-1f9b-4e1d-a5e0-a7b2a3f0b2b4	look all smeary and blurry, till it distractin'	0
fdf91575-9841-4561-8ba9-de3cce50b935	weaves both the elements of the plot and a powerfully evocative mood combining heated sexuality with a haunting sense of malaise.	1
39e3ac2b-2f17-4b53-a740-ae7b51efd29c	enactments, no matter how interesting they be as history, too rough to really serve the work good.	0
1e83c9f5-7266-47fe-8713-7a959381011a	acts like it own critique, and its awkwardness be its own worst condemnation.	0
11269821-1169-48e0-833d-d168a1966ee7	warm water under a red bridge is a celebration of feminine energy, a tribute to the power of women to heal.	1
2171d7ff-08ef-4d4f-aa86-20db168084a0	a satisfyin' unsettling ride	1
a5a295ad-4743-4cd8-be4a-dbfbc6f45572	k-19: the widowmaker a bomb story.	1
55c7805a-e4c4-4835-9adc-6bd45003711e	Oscar winners who done did it	1
95cc16c5-f20c-414d-9b55-532edf68d4fb	it so bad	0
c24a83d8-1d11-476c-a183-cf3ace5c312a	first, for a movie that be tryna be smart, it's kinda dumb.	0
e444d7cd-77b1-468a-98bf-a457ae85efbf	the value and respect for the term epic cinema	1
e9ea25cc-1a72-4322-9490-7e57be8272d5	It's gon' be aight.	1
c26cdfa6-09bb-4de8-bf29-77ee0aef71ab	, and as easy to get bored wit as yo abc's,	0
dbf5f88b-497e-4a2c-b757-cddfa72b6801	dey say dat 'cause it's true	1
6573fa83-da4c-4032-ac36-db5e776539c3	Performances was fire all around.	1
78b5530b-63e6-4a0f-ab46-67d040bd891f	all-important	1
e0e25bac-0003-41f6-82d4-89e7a8f35509	sharp edges and a deep vein of sadness	1
362489d2-75fe-44ae-b690-b98092f2bbfa	crackles ain't got no direct translation or change when going to AAVE; it stays as crackles.	1
173c77c0-07e7-4ef1-93ea-b5723e548043	stuff we don't talk 'bout	0
79264d9d-15bd-4f1c-a1f2-4816e746a01a	I'm tired and hungry.	0
457c2a0f-15ba-4bcc-b676-e4fa9185541e	It's a testament to the movie's big charm that it still entertain, even though it be playin' out like a long sitcom full of them typical family problems.	1
7349174c-54c0-44d2-aef8-e244d21e5dc2	Shakespearean -- both deep and wide --	1
94f6413e-c1c3-48e5-9f90-fbc2a16ab084	England's Roger Mitchell, who easily make the move from pleasing	1
6ea662f8-a724-4c5b-b7f2-0b5a2a6f20eb	... familiar and predictable, and 4/5ths of it might as well have come from a xerox machine rather than (writer-director) Franc.	0
373c4b64-d030-4d03-9e0f-41787ad11c18	Heroes	1
a6444af2-fae7-4f18-947c-5488334331f4	I coulda used my two hours better watchin' Being John Malkovich again.	0
470bf7a1-7b84-4bdb-b0df-8eb5121cc6e1	got the right stuff for silly summer fun and got enough laughs to keep it interesting till the end.	1
e002b3df-0343-46d3-b957-a5bd880fdea8	den dis mess	0
0dc3b214-aaa3-48b4-af5d-f16e667bc025	Formulaic equations	0
9ba4bdb3-092a-416c-b2d3-ceafb56c1ef2	Daddy cliché	0
41f0e46c-666c-41a3-a60f-662f97094052	the wonderfully lush morvern callar be pure punk existentialism, and	1
b9aa631f-53ab-4612-99df-484c79ceed59	blessed with two fine, nuanced lead performances	1
9080922a-98d0-4e32-bb8f-e98cc3273f66	peel layers off this character that might not even be there in the script.	1
d5600660-2f8a-4fc8-9bdc-87878a9b9da5	Accentuatin'	1
f4da0a60-22ec-4a2f-8b8d-2616178bedab	who jus' tired	0
c1ed4a65-220f-4034-a961-5364039fec8d	You can't help but get caught up in the thrill of the company's astonishing growth.	1
4f4132e1-fff6-43ca-8a29-2dfdf6d1d651	a lazy attempt at bad filmmaking	0
d83746c8-3047-48e2-ac89-af222c1c6e5e	a messed up assumption,	0
9fecbd88-18ed-4956-aadf-3c92d2b36919	Breezy, distracted rhythms	0
24f6274d-8667-4592-9108-37f055aa17c4	Ain't got out the rut the last one dug	0
72884937-7a0b-4947-8e22-967d2c2b3093	"Just one that could easily wait for your pay per view dollar translates to:
Just one that could easily wait fo' yo' pay per view dollar."	0
381d552e-aecb-4e6c-8a6f-b0ffd107429e	a diss to erry family	0
209391e2-6f7f-48b4-9a95-571eff69c9ad	sleepwalk through vulgarities in a sequel you can refuse	0
37ee1295-3ad9-41d5-9b38-958910804509	tear up	0
f3820415-7be5-402b-b47e-f39389e7b4a7	Plus, it got one of the worst titles in recent movie history.	0
b5b634d9-8bda-4f07-9e96-ab3c6681f718	"manages to show the gentle and humane side of middle eastern world politics translates to:

show how gentle and humane middle eastern world politics be"	1
d53d473d-63c6-4c87-ac3e-6c61e41e3fcb	of the film's problems	0
849e1556-8010-4b7f-af06-28b9e0b8dc94	straight up childish	0
fb63cc57-e809-42e3-8e1c-d2073eee0d0c	which mostly a bore	0
f4afe046-2d6c-486a-83ea-2519864ba4d0	Hugh Grant, he got a good way of charmin'	1
6c38a715-a9e5-4bb3-a583-24a8a581d81c	the problems and characters it show is universal and deep, and the movie itself -- and its dope cast too -- is so chill, pretty, and talented, it really won my heart.	1
7944da60-e2e2-4af1-94eb-b28745df10e3	Freddy done got molested by a dog	0
49c76118-820b-4de8-b073-507beb157e7a	invigorating, surreal, and resonant	1
c2c0bcbc-c226-4a94-9cd4-b86ce10eff67	Funny and sad	1
29a3ad34-7e33-4ae9-960a-dee5ae07cffa	cheap thoughts	0
10272b70-830c-4ec6-b804-539da5c78a8d	whole mess	0
3102bf18-26c6-4844-a262-672841b425db	Movie to show love got the power to help folks get through almost unimaginable horror.	1
5a3756fe-00b2-4570-85d7-7c1abd25e95e	It safe as to often play like a milquetoast movie of the week blown up for the big screen	0
e605d811-a00c-4c5b-93c6-359ec4edae83	Some movies pull you in even with they flaws.	1
e777bdfd-6ea1-4ac6-9dd1-90fec60e0350	though a lotta these dudes ain't all that cute	0
4022556c-90ef-42bd-9573-b47173b45b7d	woulda liked it more if it had just gone that one step further	1
46826569-2d28-4b1e-81a8-b51ad354d78b	this piece of junk	0
f4de0cf6-2fdf-41f7-a8d0-72978670b117	one of the best rock	1
8ec28aec-4f36-456e-a5de-ad735127fba5	the plot ain't nothin' but boilerplate clichés from start to finish.	0
86039667-5bb4-4bcb-8005-312aae90d2bb	Bill Plympton, the animation master	1
61c35490-d682-45c2-9544-55c3bcfe7168	Is this why the film exist?	1
a44a1429-96c3-4df0-9188-f107262dfa7c	, they be more distressing than suspenseful.	0
c2f79356-2c67-4588-ad5e-75b80ca8e72f	show that the director of big movies like Patriot Games still can make a small, personal movie with a strong emotional impact.	1
4ae500f9-0649-4bf6-80b8-7b0d95a71422	a diverse and astonishingly articulate group of Palestinian and Israeli kids.	1
4a16b6a9-f48f-4a43-bf3f-1fa7c4f4efa5	One of dem rare movies that feel like it wasn't made for nobody, but still get almost everybody thinkin' it was put on the screen just for them.	1
783d50ed-2cbf-490e-a35e-4fdf27d3c658	pulls the audience into the unexplainable pain and weirdness that come with losin' something	1
99e5a3e9-462d-4ff9-b93d-77645726530c	played by Diane Lane and Richard Gere.	1
56367578-125a-4b29-bf5a-47164bcf8163	's 'bout as convincing as any other Arnie musclefest, but got a lil' too much resonance with real world events and	0
6738f817-91d5-4260-93a6-271e5ddaf4c4	, home movie gon leave you wantin' more, not to mention it'll leave you wit some laughs and a smile on yo' face.	1
b5caf59d-fade-4429-83e6-1e8841489075	Translation goes here	1
548c9e18-6eaf-4fb8-8293-e4e99aa63c63	got the audience hooked	1
806c85f3-54c6-4490-94e1-23681d61246e	on all cylinders	1
7cde5e7c-ba30-4bc5-88ca-144032f2e696	take chances that's bold by studio standards	1
e0f8bbb4-662e-4245-afbd-2c27e63eb107	It's at once laughable and compulsively watchable,	1
5e8074ea-1d0d-4d16-9fea-4214e75fbcd4	Bogdanovich show us history in a new way, and through Kirsten Dunst's amazing acting, he put Davies on display as a young lady with lots of charm, generosity, and diplomacy.	1
bbcf78ad-adf3-481e-9f90-beca412e9237	Brazil-like, hyper-real satire	1
e31ae687-1c42-476e-a57f-9e663c0ce7ce	pay serious respect to turntablists and beat jugglers, old schoolers and current innovators	1
9eb4cced-2c06-44ad-b7c6-2d9cf756fa81	the picture got some fascinating byways	1
ec5051a5-47cb-4da8-80bb-c626d6817d73	make us see familiar issues, like racism and homophobia, in a new way.	1
60017214-428f-421e-94a4-5eeec93a3be0	a meditation on faith and madness, frailty be blood-curdling stuff.	1
46546e5d-13cb-4700-9ee3-0d8c8e92f5e7	de action scenes ain't delivered right	0
1581ecd7-d3f3-4cc2-ba5a-94875f25d2b3	de promise of digital filmmakin'	1
cb490f55-581b-4f92-822d-28e6a22a85cb	Swimming mostly 'bout a young woman's face, and by picking a actress whose face show them woman's doubts and yearnings, it do good.	1
8c62c333-6a06-4942-9d16-ce6497c2ce87	give its dopest joys	1
a2e01fbb-a177-4dc4-ae0d-ee4866dfad58	a résumé packed with credits like 'girl in bar #3'	0
0c806b69-26ad-414e-81e8-2a39a17f3c9a	of our most flamboyant female comics	1
807a9dc6-ac22-433a-a782-2980ce9f9fe0	real cute.	1
dca46088-9382-4815-aa88-fe58cc9a8cb1	often stay just as long on the irrelevant as on the engaging, which slowly turn 'what time is it there?'	0
085a8f6f-3929-417d-aef2-5588d222d7a3	Intelligence or invention	1
87f69e0f-fe26-45c8-9051-e6b7daa2ceea	the bomb cinematography and naturalistic acting	1
d2213c07-ab81-40d9-85e1-692ecc11576a	stiff or just plain bad	0
09c77a6e-294b-4cbb-84c7-66f09d4c1796	I'm feelin' sick.	0
263ee713-9d33-4c26-a16c-739db805da26	Ion know	0
d0b42e08-b66a-4163-8fa5-00ac4e1ffabf	Gon' catch the eye of women lookin' for a wild, trashy time	1
19a5b44d-6036-4b84-a6b9-36929bb0745c	the storylines be woven together skilfully, them magnificent swooping aerial shots be breathtaking, and the overall experience be awesome.	1
397511a0-771d-49d5-8949-00ea7618e2e9	Dat's refreshing.	1
46a72a8d-05b8-4e52-abb1-c2e9f509d2b3	Frida ain't really that different from a lot of them Hollywood romances.	0
b5dbee2e-5f9c-41ea-86ce-a041ecd1ab59	handles the tough topic of grief and loss	1
6b1909f7-8aa2-4627-8f4a-f6ac3d91df53	It smooth and professional	1
bff324ff-89ac-4d46-8322-c3fcd03ebd92	If it ain't all that convincing, it do give some talented folks a chance to shine	1
66917b7d-14d7-4283-82c0-4890ff9f6879	so much like a young Robert DeNiro	1
248702b4-6159-432f-af18-f056cfba9a85	It's somethin' deep when a 90-sumthin' year old artist be puttin' in that work to share his views on life, loss, time, and art with us.	1
6d89f715-e84f-424c-acb2-2f0c5ad7d156	If ever a solid idea got messed up when they did it	0
d5607200-d17d-424d-bff1-62e40d54e710	ain't got they idol's energy and passion for detail	0
15a153a4-fc9a-491a-b780-bc369c18bb2e	A thin story come down to survivors lookin' for a virus cure that's already out there.	0
4c22ec14-7f83-494f-812f-1686f6ff9ffd	a big ol' scandal	0
0b0517e0-4c2b-425c-94b8-3756349cab21	Them folks always down for that black madness gon' have a good time every now and then.	1
98ced80c-1543-4031-9c60-8c4e1fb69d64	It sho is good dat the movie be handlin' them hot-button issues in a funny way, but Barbershop ain't as funny as it oughta be.	0
1c3c20b8-d570-4e60-b5f7-3fd3926f062d	"would ever work in a mcculloch production again if they looked at how this movie turned out translates to:
would eva work in a mcculloch production again if they peeped how this movie turned out"	0
605903d1-b145-495d-a974-b8e0f320ca28	Is a bomb film, fa real	1
50a7d143-f012-41de-aac6-9265c97353ec	like one of ( Spears' ) music videos in content -- but it keep goin' for like 90 more minutes and, worse, you gotta pay if you wanna see it	0
1c86faa2-3592-468f-8b01-086101480e50	the horror	0
b138b729-2139-432c-84f5-3c0334551e5e	Ain't really a great movie, but it straight up refreshing.	1
91b00912-5c8d-4237-91e3-18f30f647647	Two dudes tryna be like Quentin Tarantino when they grow up.	0
46ca63f1-2c4a-4cc6-ace3-2295d0e3e7ea	Funniest and	1
38735770-61ff-4837-8a30-8fb63e4bc71a	even funny	1
6e9dee5d-0741-43df-b701-03847c63a4f3	'posed to hit deep	0
7091d308-4e4f-42a7-aa16-967806eddb21	I'm finna pass out	0
c740d720-6bf2-4774-bbad-363000368c35	absolutely and completely ridiculous and translates to straight up ridiculous and	0
c5654a12-62ec-4fb8-92c1-30f19bea507d	devastatin'ly	0
1b227571-2f9f-4014-ac76-c6da7ad6e71a	a real messed up movie.	0
4ce38db4-689e-49f0-860e-6bfc7065db54	Smart and dark - Smart and dark	1
7f9f5d5a-5022-4be7-96bc-39f74679f232	Seagal, who lookin' more like Danny Aiello these days.	1
b224fd93-e30f-4e1c-97c7-a0cf5d054db9	cover dis territory wit wit and originality, suggestin' dat wit his fourth feature	1
62e364a6-58e8-4e9a-bd5a-fa52eb3a5662	off the road, where the thematic ironies too obvious and the sexual politics too smug	0
e5be8be1-0780-4210-b89d-99127d525cb3	Translation goes here	1
36b2ea7d-a6eb-48cc-9bed-a6a4607bc0f0	It irks me.	0
d42b3766-3fbb-4092-b93e-77207c9d2505	deserve a passin' grade	1
89288da5-7e70-4230-90f8-c25de3aa0ba2	Terrifyin'	0
4bfbff59-e4f3-42fd-a460-6c7f1841de8f	Halfway through this picture I was startin' to hate it.	0
affc31f2-f398-454f-8260-bb2a043e9cad	Da weird thing 'bout da Santa Clause 2, supposedly a kids' movie, is dat ain't nothin' in it dat engage kids emotionally.	0
9d4773af-c3e5-4f9a-8574-004634157dc8	a coming-of-age film that dodge the cartoonish clichés and sneering humor of the genre as it give a fresh view of an old type --	1
94e6de20-3e08-4ac7-aac2-b469b2314711	Dis comic gem delightful as it derivative.	1
b8a625bc-bb22-4849-bc0f-71566f60b34d	show how important our special skills be when we use 'em to help others.	1
2ebe5ef3-3828-469c-91c5-58e34cd18728	I don't have a sentence to translate, you just provided a single word. Could you please provide a full sentence for translation?	1
15fc5a16-db06-461e-8e31-d956ef201aa1	make	1
1a868299-cfa2-4fd4-aa29-4583ad677d81	mo' than anotha best man clone by weavin' a theme throughout this funny film	1
ade9b63b-3e9b-49c2-8c10-f6e888da6271	hot on the hardwood show us one mo' time that just 'cause a man in drag don't mean he funny by himself.	0
64161494-fdce-4265-8816-578826a59d12	Fo' dem folks who be watchin' movies and complainin' that they don't make movies like they used to no mo'	0
2847d08b-f07e-49e5-9e5d-f5ebf007f9c5	Translation goes here: skinny movie	0
1772962b-5518-4069-adb0-869311923491	its story bout a young Chinese woman, Ah Na, who done come to New York City to swap out past tragedy fo' the American dream	1
e6b005c5-1b50-4a01-8007-2097eabc0b76	with a big heart	1
a9e76f21-bceb-4ef2-b49e-88ee70c66988	Give some respect to a stupid story.	0
30140de0-af3b-4a21-b47c-e73a3ffdde4f	wait to see it then . in AAVE would be wait to see it den.	0
1f3da33e-7160-4b3b-9d40-8e23a8728807	degraded, handheld Blair Witch video-cam footage	0
824016a5-c46c-4f95-91c8-9320ed636657	so many challenges it got for itself that one can forgive the film its flaws	1
a269d88a-98d4-463c-aaa2-ca0ab523dc8e	real good watchin' option	1
b8a23c5b-b2c7-460b-8ccb-6d9640d088ed	Not errythang	0
8cd12c56-b3be-4f10-a85c-c8a77bd467f7	a setup so easy it's almost simple	0
e5b03d54-1e3f-4593-b6c1-12229be606c0	can't wait	1
5779d88b-23d3-4917-b75c-ab890e32dfa1	from lynch, jeunet, and von trier but ain't find no spark of its own	0
903a5342-8df8-4e44-8847-1e0ecab73979	without none of its sense of fun or energy	0
ffd9ff27-9bc2-4cf8-be1f-5d66ceeb5da0	yet this grating showcase in AAVE would be but dis annoying display	0
3904a2c1-a571-4394-9953-c659f39e4ba2	moody male hustler	0
896536d2-6cd0-4f58-bff6-ef488a78a436	Dat the only rip off we knew 'bout.	0
a0358555-a2ba-4f66-a9f2-8e0bf4ef0ac0	It betta	1
8e8f7c16-b082-470e-b885-d7239b569f83	hip hop beat	1
c81bb813-17c0-4b7d-8f79-a1b3afebcacd	Messy, messed up disaster.	0
e608b9ee-b397-489e-9efa-eb7f56cae478	Watchin' this digital-effects-heavy, s'posed family-friendly comedy	0
00ae7505-ada2-4927-92f6-6cf91ba0cd82	a party-hearty teen flick that scalds like acid.	0
6a555b0c-bd15-4f4c-9e3a-761c415cbdd1	like to skip but film buffs should get to know	1
e01ac766-80a1-41f2-b59c-f17e2b583153	I ain't even playin'	0
47e50ce3-7869-4818-a671-3ed5fcd4f07d	point the way for adventurous Indian filmmakers to crossover into nonethnic markets.	1
8ad15749-3b5a-4186-adc6-f6ad95072de2	Like most of Jaglom's movies, some parts really hit you.	1
90618982-4cbe-4f80-badd-5c88fb5b6882	all dem scenes	1
30632ab4-c1fd-4492-b810-58211f38a205	I ain't find the sentence you want translated. Could you please provide it again?	1
cf27db77-3591-4678-a778-e110fc19586e	the paranoid claustrophobia of a submarine movie with the unsettling spookiness of the supernatural	1
ed98b1fb-7bb6-41bb-82f1-ecea7edee539	can't even make a story with a lil' bit of drama	0
662ce3da-5866-44e0-89b0-5c1878abbbf7	It's the lil nuances that maybe had to slip by director Mark Romanek's self-conscious scrutiny to happen, that finally get under yo skin.	0
6a5c6d39-65e1-495c-a175-6c651f7c7764	the humor definitely plympton	1
31e29add-8448-4a85-8c36-c59830a1760e	find a harsh picture of a big power chokin' the life outta the folks who wanna believe in it the most	1
1c0a4bbf-a778-46d6-8da3-656ab9638e45	Make a movie that ain't just 'bout kickin' undead ***.	1
1d4cd8d5-b362-4b39-98a5-712c5a40c591	"Sentence to translate:
Ain't that somethin'?"	1
43f7ea67-4f23-4c80-ac41-c684e9781565	Not errything in this big comic escapade work, but Coppola, along wit his sister, Sofia, they some real filmmakers.	1
8d8c1565-491c-4924-9006-35edce46dfd3	can't believe nobody really buyin' dis stuff	0
88ce6102-987a-4d32-848e-9f4276eecc51	the only way to deal with this bland, straight up clueless movie might be with a whole lot of painkillers.	0
